{
  "originalTitle": "Korn - [MISC 5 - Compilation]",
  "created": 1746964495,
  "lastUpdated": 1746964495,
  "bands": [
    "Korn"
  ],
  "startDate": {
    "day": "",
    "month": "",
    "year": ""
  },
  "startDateUnix": null,
  "endDate": {
    "day": "",
    "month": "",
    "year": ""
  },
  "endDateUnix": null,
  "location": {
    "city": "Korn",
    "state": "",
    "country": "[MISC 5",
    "venue": "Compilation]",
    "event": ""
  },
  "tvChannel": "",
  "showName": "",
  "source": "",
  "category": [
    "video",
    "compilation"
  ],
  "master": false,
  "public": true,
  "ownIdentifier": "HDD#C",
  "tradeLabel": "",
  "authoredBy": "",
  "transferredBy": "",
  "notes": "",
  "tapers": [],
  "specs": {
    "media": [
      {
        "type": "DVD-5",
        "size": 2.09,
        "unit": "Gb"
      }
    ],
    "chapters": true,
    "menu": true,
    "length": 2718,
    "video": [
      {
        "tvFormat": "PAL",
        "ratio": "4:3",
        "resolution": "720x576",
        "bitrateType": "VBR",
        "bitrateKbps": null,
        "fps": "",
        "standard": "",
        "codec": "",
        "letterboxed": false
      }
    ],
    "audio": [
      {
        "language": "",
        "codec": "AC3",
        "rateHz": null,
        "bitrateKbps": null,
        "channels": 2
      }
    ],
    "sourceDetail": {
      "recordingType": "PRO",
      "sourceMediaType": "",
      "finalMediaType": "",
      "fileFormat": "DVD"
    }
  },
  "relatedShows": [],
  "childOf": "",
  "images": [
    {
      "folder": "60",
      "filename": "84009532.jpg",
      "externalId": "1C8DIJuwUJo2tlXKc80LkGca38tbBG0ti"
    },
    {
      "folder": "60",
      "filename": "10166802.jpg",
      "externalId": "1OgSyPqfZotmOBWbVFqMzKne53rHLX8_i"
    },
    {
      "folder": "60",
      "filename": "95924734.jpg",
      "externalId": "187qDcw0j0Mz2JYGfk-heuhfFVAg-2E_P"
    },
    {
      "folder": "60",
      "filename": "16153662.jpg",
      "externalId": "1leVZ2CVo-cpkP_paG5c17Vxw3E6ieLhl"
    }
  ],
  "parentOf": [
    "korn_24_07_1999_video_misc",
    "korn_xx_xx_1998_los_angeles_ca_usa_mtv_fanatic_show_source_1_misc_video_misc",
    "korn_xx_07_1997_boston_ma_usa_indoor_beach_party_waaf_tv_real_rock_source_2_video",
    "korn_xx_xx_1995_usa_interview_with_rick_davis_source_1_misc_video_misc",
    "korn_15_06_1996_video_misc",
    "korn_12_10_1999_source_3_video"
  ],
  "setlist": []
}