{
  "originalTitle": "Marilyn Manson - [1996-1997] - TV Appearances [Compilation]",
  "created": 1746964495,
  "lastUpdated": 1746964495,
  "bands": [
    "Marilyn Manson"
  ],
  "startDate": {
    "day": "",
    "month": "",
    "year": "1996"
  },
  "startDateUnix": null,
  "endDate": {
    "day": "",
    "month": "",
    "year": "1997"
  },
  "endDateUnix": null,
  "location": {
    "city": "Marilyn Manson",
    "state": "",
    "country": "-",
    "venue": "",
    "event": ""
  },
  "tvChannel": "",
  "showName": "TV Appearances",
  "source": "",
  "category": [
    "video",
    "compilation"
  ],
  "master": false,
  "public": true,
  "ownIdentifier": "HDD#O",
  "tradeLabel": "",
  "authoredBy": "",
  "transferredBy": "",
  "notes": "",
  "tapers": [],
  "specs": {
    "media": [
      {
        "type": "DVD-5",
        "size": 3.11,
        "unit": "Gb"
      }
    ],
    "chapters": false,
    "menu": false,
    "length": 4321,
    "video": [
      {
        "tvFormat": "PAL",
        "ratio": "4:3",
        "resolution": "720x576",
        "bitrateType": "VBR",
        "bitrateKbps": null,
        "fps": "",
        "standard": "",
        "codec": "",
        "letterboxed": false
      }
    ],
    "audio": [
      {
        "language": "",
        "codec": "AC3",
        "rateHz": null,
        "bitrateKbps": null,
        "channels": 2
      }
    ],
    "sourceDetail": {
      "recordingType": "PRO",
      "sourceMediaType": "VHS",
      "finalMediaType": "",
      "fileFormat": "DVD"
    }
  },
  "relatedShows": [],
  "childOf": "",
  "images": [
    {
      "folder": "67",
      "filename": "99322036.jpg",
      "externalId": "1jc7RtylTNvCL8F4BTCvxn4YWgcvPsOVQ"
    },
    {
      "folder": "67",
      "filename": "72136718.jpg",
      "externalId": "1vksYaFKj_051-wiC_gS0UFA4_pOw3J_E"
    },
    {
      "folder": "67",
      "filename": "95077891.jpg",
      "externalId": "1-bVVdBbxWkG6lIGn2ypthOlTVD9MNG9L"
    },
    {
      "folder": "67",
      "filename": "71824887.jpg",
      "externalId": "1QxdRgGX9g4LGRDTV5lAYGaYPoiNYE-w7"
    }
  ],
  "parentOf": [
    "marilyn_manson_20_08_1997_source_3_video",
    "marilyn_manson_24_08_1997_source_2_video_misc",
    "marilyn_manson_09_08_1997_video_misc",
    "marilyn_manson_16_08_1997_source_4_video",
    "marilyn_manson_10_11_1996_source_3_video",
    "marilyn_manson_07_12_1996_video",
    "marilyn_manson_29_05_1997_video",
    "marilyn_manson_04_09_1997_source_3_video"
  ],
  "setlist": []
}