{
  "originalTitle": "Marilyn Manson - [1997-2005] - TV Appearances [Compilation]",
  "created": 1746964495,
  "lastUpdated": 1746964495,
  "bands": [
    "Marilyn Manson"
  ],
  "startDate": {
    "day": "",
    "month": "",
    "year": "1997"
  },
  "startDateUnix": null,
  "endDate": {
    "day": "",
    "month": "",
    "year": "2005"
  },
  "endDateUnix": null,
  "location": {
    "city": "Marilyn Manson",
    "state": "",
    "country": "-",
    "venue": "",
    "event": ""
  },
  "tvChannel": "",
  "showName": "TV Appearances",
  "source": "",
  "category": [
    "video",
    "compilation"
  ],
  "master": false,
  "public": true,
  "ownIdentifier": "HDD#O",
  "tradeLabel": "",
  "authoredBy": "",
  "transferredBy": "",
  "notes": "",
  "tapers": [],
  "specs": {
    "media": [
      {
        "type": "DVD-5",
        "size": 4.18,
        "unit": "Gb"
      }
    ],
    "chapters": true,
    "menu": true,
    "length": 4680,
    "video": [
      {
        "tvFormat": "NTSC",
        "ratio": "4:3",
        "resolution": "720x480",
        "bitrateType": "VBR",
        "bitrateKbps": null,
        "fps": "",
        "standard": "",
        "codec": "",
        "letterboxed": true
      }
    ],
    "audio": [
      {
        "language": "en",
        "codec": "AC3",
        "rateHz": null,
        "bitrateKbps": null,
        "channels": 2
      }
    ],
    "sourceDetail": {
      "recordingType": "PRO",
      "sourceMediaType": "VHS",
      "finalMediaType": "",
      "fileFormat": "DVD"
    }
  },
  "relatedShows": [],
  "childOf": "",
  "images": [
    {
      "folder": "67",
      "filename": "15785294.jpg",
      "externalId": "1ouNDbCiTkBd2mMj7GpF2WFuVNFPRbaa8"
    },
    {
      "folder": "67",
      "filename": "27117108.jpg",
      "externalId": "1KPGp6sPmmu33l-v5X0FIAql0HZUTlWXW"
    },
    {
      "folder": "67",
      "filename": "18803752.jpg",
      "externalId": "1vUAzYg1-yZOEoDYzre2Qb01NESBkG22P"
    },
    {
      "folder": "67",
      "filename": "20219383.jpg",
      "externalId": "1_4DA1vHobA_-2DiOZToNXcRW0gRc9ytX"
    }
  ],
  "parentOf": [
    "marilyn_manson_24_08_1997_source_2_video",
    "marilyn_manson_04_06_2005_source_3_video",
    "marilyn_manson_28_08_2005_source_2_video",
    "marilyn_manson_04_09_1997_source_3_video",
    "marilyn_manson_10_09_1998_source_3_video",
    "marilyn_manson_11_11_1999_source_2_video",
    "marilyn_manson_31_12_2000_source_3_video",
    "marilyn_manson_08_01_2001_video"
  ],
  "setlist": []
}