{
  "originalTitle": "Children Of Bodom - 01.08.2014 - Wacken - Germany - Hauptstrasse - Wacken Open Air",
  "created": 1747163451,
  "lastUpdated": 1747163451,
  "bands": [
    "Children Of Bodom"
  ],
  "startDate": {
    "day": "01",
    "month": "08",
    "year": "2014"
  },
  "startDateUnix": 1406851200,
  "endDate": {
    "day": "01",
    "month": "08",
    "year": "2014"
  },
  "endDateUnix": 1406851200,
  "location": {
    "city": "Wacken",
    "state": "",
    "country": "Germany",
    "venue": "Hauptstrasse",
    "event": "Wacken Open Air"
  },
  "tvChannel": "",
  "showName": "",
  "source": "",
  "category": [
    "video"
  ],
  "master": false,
  "public": true,
  "ownIdentifier": "HDD#D",
  "tradeLabel": "",
  "authoredBy": "",
  "transferredBy": "",
  "notes": "",
  "tapers": [],
  "specs": {
    "media": [
      {
        "type": "DVD-5",
        "size": 2.22,
        "unit": "Gb"
      }
    ],
    "chapters": true,
    "menu": true,
    "length": 3490,
    "video": [
      {
        "tvFormat": "PAL",
        "ratio": "16:9",
        "resolution": "720x576",
        "bitrateType": "VBR",
        "bitrateKbps": null,
        "fps": "",
        "standard": "",
        "codec": "",
        "letterboxed": true
      }
    ],
    "audio": [
      {
        "language": "en",
        "codec": "MPEG1",
        "rateHz": null,
        "bitrateKbps": null,
        "channels": 2
      }
    ],
    "sourceDetail": {
      "recordingType": "PRO",
      "sourceMediaType": "",
      "finalMediaType": "",
      "fileFormat": "DVD"
    }
  },
  "relatedShows": [],
  "childOf": "",
  "images": [
    {
      "folder": "71",
      "filename": "54092184.jpg",
      "externalId": "10rxaDOlB3dUOX8sayrAAjsCExfYvHgrA"
    },
    {
      "folder": "71",
      "filename": "24945408.jpg",
      "externalId": "1FAmoGm-rHFrzFpfqSjZ9KkJJlrdnUhFm"
    },
    {
      "folder": "71",
      "filename": "59280188.jpg",
      "externalId": "1NJLiuESO6URuml-cCaJfHqnDjqmIYW5i"
    },
    {
      "folder": "71",
      "filename": "29647617.jpg",
      "externalId": "1-lBY201FOw8aBaEyNMxEi7tmVi8MPzld"
    }
  ],
  "setlist": [
    {
      "order": 1,
      "song": "Needled 24/7 (not broadcasted)",
      "feat": "",
      "note": "",
      "coverOf": ""
    },
    {
      "order": 2,
      "song": "Kissing The Shadows (not broadcasted)",
      "feat": "",
      "note": "",
      "coverOf": ""
    },
    {
      "order": 3,
      "song": "Bodom Beach Terror",
      "feat": "",
      "note": "",
      "coverOf": ""
    },
    {
      "order": 4,
      "song": "Halo Of Blood",
      "feat": "",
      "note": "",
      "coverOf": ""
    },
    {
      "order": 5,
      "song": "Scream For Silence (not broadcasted)",
      "feat": "",
      "note": "",
      "coverOf": ""
    },
    {
      "order": 6,
      "song": "Hate Crew Deathroll",
      "feat": "",
      "note": "",
      "coverOf": ""
    },
    {
      "order": 7,
      "song": "Lake Bodom",
      "feat": "",
      "note": "",
      "coverOf": ""
    },
    {
      "order": 8,
      "song": "Angels Don't Kill",
      "feat": "",
      "note": "",
      "coverOf": ""
    },
    {
      "order": 9,
      "song": "Are You Dead Yet?",
      "feat": "",
      "note": "",
      "coverOf": ""
    },
    {
      "order": 10,
      "song": "Towards Dead End",
      "feat": "",
      "note": "",
      "coverOf": ""
    },
    {
      "order": 11,
      "song": "Hate Me!",
      "feat": "",
      "note": "",
      "coverOf": ""
    },
    {
      "order": 12,
      "song": "Bodom After Midnight",
      "feat": "",
      "note": "",
      "coverOf": ""
    },
    {
      "order": 13,
      "song": "Downfall",
      "feat": "",
      "note": "",
      "coverOf": ""
    },
    {
      "order": 14,
      "song": "In Your Face",
      "feat": "",
      "note": "",
      "coverOf": ""
    },
    {
      "order": 15,
      "song": "Interview",
      "feat": "",
      "note": "",
      "coverOf": ""
    }
  ],
  "extras": []
}