{
  "originalTitle": "Children Of Bodom - 04.07.2014 - Turku - Finland - Ruissalo - Ruisrock Festival",
  "created": 1747163451,
  "lastUpdated": 1747163451,
  "bands": [
    "Children Of Bodom"
  ],
  "startDate": {
    "day": "04",
    "month": "07",
    "year": "2014"
  },
  "startDateUnix": 1404432000,
  "endDate": {
    "day": "04",
    "month": "07",
    "year": "2014"
  },
  "endDateUnix": 1404432000,
  "location": {
    "city": "Turku",
    "state": "",
    "country": "Finland",
    "venue": "Ruissalo",
    "event": "Ruisrock Festival"
  },
  "tvChannel": "",
  "showName": "",
  "source": "",
  "category": [
    "video"
  ],
  "master": false,
  "public": true,
  "ownIdentifier": "HDD#D",
  "tradeLabel": "",
  "authoredBy": "",
  "transferredBy": "",
  "notes": "",
  "tapers": [],
  "specs": {
    "media": [
      {
        "type": "DVD-5",
        "size": 1.33,
        "unit": "Gb"
      }
    ],
    "chapters": false,
    "menu": false,
    "length": 2751,
    "video": [
      {
        "tvFormat": "PAL",
        "ratio": "16:9",
        "resolution": "720x576",
        "bitrateType": "VBR",
        "bitrateKbps": null,
        "fps": "",
        "standard": "",
        "codec": "",
        "letterboxed": true
      }
    ],
    "audio": [
      {
        "language": "",
        "codec": "MPEG1",
        "rateHz": null,
        "bitrateKbps": null,
        "channels": 2
      }
    ],
    "sourceDetail": {
      "recordingType": "PRO",
      "sourceMediaType": "",
      "finalMediaType": "",
      "fileFormat": "DVD"
    }
  },
  "relatedShows": [],
  "childOf": "",
  "images": [
    {
      "folder": "71",
      "filename": "09488727.jpg",
      "externalId": "1fN532pWmdaMmto5WwYEusWvS_fZ-BcNp"
    },
    {
      "folder": "71",
      "filename": "29963802.jpg",
      "externalId": "137IrDAvhDV6zxsm72wUzPpcV5Hv3NNMR"
    },
    {
      "folder": "71",
      "filename": "46690280.jpg",
      "externalId": "1-1UmEH-IRFU7mS0odTOmxVecJ8LVD_n4"
    },
    {
      "folder": "71",
      "filename": "08743352.jpg",
      "externalId": "1fZw7tuKjTxzcW4fQVzn9nqXDlQWPTFSG"
    }
  ],
  "setlist": [
    {
      "order": 1,
      "song": "Hate Me!",
      "feat": "",
      "note": "",
      "coverOf": ""
    },
    {
      "order": 2,
      "song": "Bodom Beach Terror",
      "feat": "",
      "note": "",
      "coverOf": ""
    },
    {
      "order": 3,
      "song": "Scream For Silence",
      "feat": "",
      "note": "",
      "coverOf": ""
    },
    {
      "order": 4,
      "song": "In Your Face",
      "feat": "",
      "note": "",
      "coverOf": ""
    },
    {
      "order": 5,
      "song": "Angels Don't Kill",
      "feat": "",
      "note": "",
      "coverOf": ""
    },
    {
      "order": 6,
      "song": "Interview",
      "feat": "",
      "note": "",
      "coverOf": ""
    },
    {
      "order": 7,
      "song": "Lake Bodom",
      "feat": "",
      "note": "",
      "coverOf": ""
    },
    {
      "order": 8,
      "song": "Downfall",
      "feat": "",
      "note": "",
      "coverOf": ""
    },
    {
      "order": 9,
      "song": "Hate Crew Deathroll",
      "feat": "",
      "note": "",
      "coverOf": ""
    }
  ],
  "extras": []
}