{
  "originalTitle": "Chris Cornell - 16.12.2013 - New York - NY - USA - Ed Sullivan Theatre - David Letterman Show",
  "created": 1747163451,
  "lastUpdated": 1747163451,
  "bands": [
    "Chris Cornell"
  ],
  "startDate": {
    "day": "16",
    "month": "12",
    "year": "2013"
  },
  "startDateUnix": 1387152000,
  "endDate": {
    "day": "16",
    "month": "12",
    "year": "2013"
  },
  "endDateUnix": 1387152000,
  "location": {
    "city": "New York",
    "state": "NY",
    "country": "USA",
    "venue": "Ed Sullivan Theatre",
    "event": ""
  },
  "tvChannel": "",
  "showName": "David Letterman Show",
  "source": "",
  "category": [
    "video"
  ],
  "master": false,
  "public": true,
  "ownIdentifier": "HDD#D",
  "tradeLabel": "",
  "authoredBy": "",
  "transferredBy": "",
  "notes": "",
  "tapers": [],
  "specs": {
    "media": [
      {
        "type": "CD",
        "size": 136,
        "unit": "Mb"
      },
	  {
		          "type": "DVD-5",
        "size": 2.1,
        "unit": "Gb"
	  }
    ],
    "chapters": false,
    "menu": false,
    "length": 265,
    "video": [
      {
        "tvFormat": "",
        "ratio": "16:9",
        "resolution": "720x576",
        "bitrateType": "",
        "bitrateKbps": null,
        "fps": "25",
        "standard": "MPEG2",
        "codec": "",
        "letterboxed": false
      }
    ],
    "audio": [
      {
        "language": "",
        "codec": "",
        "rateHz": 48000,
        "bitrateKbps": 256,
        "channels": 2
      },
	  {
        "language": "",
        "codec": "",
        "rateHz": 44100,
        "bitrateKbps": 128,
        "channels": 1
      }
    ],
    "sourceDetail": {
      "recordingType": "PRO",
      "sourceMediaType": "",
      "finalMediaType": "",
      "fileFormat": "DVD"
    }
  },
  "relatedShows": [],
  "childOf": "",
  "images": [
    {
      "folder": "71",
      "filename": "77481776.jpg",
      "externalId": "162xIEzod7Wsn5h-kWNUuLx6u0Y53rSCO"
    },
    {
      "folder": "71",
      "filename": "14455829.jpg",
      "externalId": "1sC051EjUa2Rq3erc3ybs0fzXMZhr2pfk"
    },
    {
      "folder": "71",
      "filename": "97738628.jpg",
      "externalId": "1gWSMf0wBTFgjFFy1y2xd_A-PxHIuAAwY"
    },
    {
      "folder": "71",
      "filename": "74383080.jpg",
      "externalId": "1pajWk96QgYDOMDa8Ej5NIccC8MAYwuPd"
    }
  ],
  "setlist": [
    {
      "order": 1,
      "song": "Misery Chain",
      "feat": "Joy Williams",
      "note": "",
      "coverOf": ""
    }
  ],
  "extras": []
}