{
  "originalTitle": "Chris Cornell - 30.05.2009 - Landgraaf - Netherlands - Megaland - Pinkpop Festival",
  "created": 1746348445,
  "lastUpdated": 1747163451,
  "bands": [
    "Chris Cornell"
  ],
  "startDate": {
    "day": "30",
    "month": "05",
    "year": "2009"
  },
  "startDateUnix": 1243641600,
  "endDate": {
    "day": "30",
    "month": "05",
    "year": "2009"
  },
  "endDateUnix": 1243641600,
  "location": {
    "city": "Landgraaf",
    "state": "",
    "country": "Netherlands",
    "venue": "Megaland",
    "event": "Pinkpop Festival"
  },
  "tvChannel": "",
  "showName": "",
  "source": "",
  "category": [
    "video"
  ],
  "master": false,
  "public": false,
  "ownIdentifier": "HDD#D",
  "tradeLabel": "",
  "authoredBy": "",
  "transferredBy": "",
  "notes": "",
  "tapers": [],
  "specs": {
    "media": [
      {
        "type": "DVD-5",
        "size": 3.2,
        "unit": "Gb"
      }
    ],
    "chapters": true,
    "menu": true,
    "length": 3574,
    "video": [
      {
        "tvFormat": "PAL",
        "ratio": "16:9",
        "resolution": "720x576",
        "bitrateType": "VBR",
        "bitrateKbps": null,
        "fps": "",
        "standard": "",
        "codec": "",
        "letterboxed": true
      }
    ],
    "audio": [
      {
        "language": "",
        "codec": "AC3",
        "rateHz": null,
        "bitrateKbps": null,
        "channels": 2
      },
      {
        "language": "",
        "codec": "MPEG1",
        "rateHz": null,
        "bitrateKbps": null,
        "channels": 2
      }
    ],
    "sourceDetail": {
      "recordingType": "PRO",
      "sourceMediaType": "",
      "finalMediaType": "",
      "fileFormat": "DVD"
    }
  },
  "relatedShows": [],
  "childOf": "",
  "images": [
    {
      "folder": "71",
      "filename": "13056233.jpg",
      "externalId": "1Pa1nIzsTF6s7BIEugr8yh1rCJy3yZijX"
    },
    {
      "folder": "71",
      "filename": "71799803.jpg",
      "externalId": "1H1bmOmZfL18aUr8tH_hFV0GmDJ33LkD9"
    },
    {
      "folder": "71",
      "filename": "97960394.jpg",
      "externalId": "1lj1RYen6DcvSf_C75-h1zf7C-TP052rF"
    },
    {
      "folder": "71",
      "filename": "26684858.jpg",
      "externalId": "1DRsKXajCPSJSuonizHumewn0Wpc4xs4y"
    }
  ],
  "setlist": [
    {
      "order": 1,
      "song": "Part Of Me",
      "feat": "",
      "note": "",
      "coverOf": ""
    },
    {
      "order": 2,
      "song": "Time",
      "feat": "",
      "note": "",
      "coverOf": ""
    },
    {
      "order": 3,
      "song": "Watch Out",
      "feat": "",
      "note": "",
      "coverOf": ""
    },
    {
      "order": 4,
      "song": "You Know My Name",
      "feat": "",
      "note": "",
      "coverOf": ""
    },
    {
      "order": 5,
      "song": "Hunger Strike (Temple Of The Dog song)",
      "feat": "",
      "note": "",
      "coverOf": ""
    },
    {
      "order": 6,
      "song": "Show Me How To Live (Audioslave song)",
      "feat": "",
      "note": "",
      "coverOf": ""
    },
    {
      "order": 7,
      "song": "Ground Zero",
      "feat": "",
      "note": "",
      "coverOf": ""
    },
    {
      "order": 8,
      "song": "Never Far Away",
      "feat": "",
      "note": "",
      "coverOf": ""
    },
    {
      "order": 9,
      "song": "Spoonman (Soundgarden song)",
      "feat": "",
      "note": "",
      "coverOf": ""
    },
    {
      "order": 10,
      "song": "Be Yourself (Audioslave song)",
      "feat": "",
      "note": "",
      "coverOf": ""
    },
    {
      "order": 11,
      "song": "Cochise (Audioslave song)",
      "feat": "",
      "note": "",
      "coverOf": ""
    },
    {
      "order": 12,
      "song": "Scream",
      "feat": "",
      "note": "",
      "coverOf": ""
    },
    {
      "order": 13,
      "song": "Black Hole Sun (Soundgarden song)",
      "feat": "",
      "note": "",
      "coverOf": ""
    }
  ],
  "extras": []
}