{
  "originalTitle": "Darkest Hour - 27.01.2002 - Baltimore - MD - USA - Fletchers",
  "created": 1750187194,
  "lastUpdated": 1750187194,
  "bands": [
    "Darkest Hour"
  ],
  "startDate": {
    "day": "27",
    "month": "01",
    "year": "2002"
  },
  "startDateUnix": 1012089600,
  "endDate": {
    "day": "27",
    "month": "01",
    "year": "2002"
  },
  "endDateUnix": 1012089600,
  "location": {
    "city": "Baltimore",
    "state": "MD",
    "country": "USA",
    "venue": "Fletchers",
    "event": ""
  },
  "tvChannel": "",
  "showName": "",
  "source": "",
  "category": [
    "video"
  ],
  "master": false,
  "public": true,
  "ownIdentifier": "HDD#O",
  "tradeLabel": "",
  "authoredBy": "",
  "transferredBy": "",
  "notes": "",
  "tapers": [],
  "specs": {
    "media": [
      {
        "type": "DVD-5",
        "size": 4.05,
        "unit": "Gb"
      }
    ],
    "chapters": true,
    "menu": true,
    "length": 1108,
    "video": [
      {
        "tvFormat": "PAL",
        "ratio": "4:3",
        "resolution": "704x576",
        "bitrateType": "VBR",
        "bitrateKbps": null,
        "fps": "23",
        "standard": "APL",
        "codec": "AAC",
        "letterboxed": true
      }
    ],
    "audio": [
      {
        "language": "en",
        "codec": "AC3",
        "rateHz": null,
        "bitrateKbps": null,
        "channels": 2
      }
    ],
    "sourceDetail": {
      "recordingType": "AMT",
      "sourceMediaType": "",
      "finalMediaType": "",
      "fileFormat": "DVD"
    }
  },
  "relatedShows": [
    "darkest_hour_20_10_2003_source_2_video",
    "most_precious_blood_23_02_2004_video"
  ],
  "childOf": "various_artists_xx_xx_2002_xx_xx_2004_video_compilation",
  "images": [
    {
      "folder": "12",
      "filename": "05371514.jpg",
      "externalId": "1gRBhrCAEbJwv8woDk4SdwckZNlxngGbV"
    },
    {
      "folder": "12",
      "filename": "77336407.jpg",
      "externalId": "1Kx7toqdRfVqtIMSbBwnee_oUCnl1Zcpt"
    },
    {
      "folder": "12",
      "filename": "84966394.jpg",
      "externalId": "1ChEKFiljyyzLW7Q-kKKQVCYkqyM1w1mo"
    },
    {
      "folder": "12",
      "filename": "15708609.jpg",
      "externalId": "1JtvYnMmRG_mxwwC1_dNG3crDZyN38uUQ"
    }
  ],
  "setlist": []
}