{
  "originalTitle": "Dire Straits - 09.06.1988 - London - England - Hammersmith Odeon",
  "created": 1747163451,
  "lastUpdated": 1747163451,
  "bands": [
    "Dire Straits"
  ],
  "startDate": {
    "day": "09",
    "month": "06",
    "year": "1988"
  },
  "startDateUnix": 581817600,
  "endDate": {
    "day": "09",
    "month": "06",
    "year": "1988"
  },
  "endDateUnix": 581817600,
  "location": {
    "city": "London",
    "state": "",
    "country": "England",
    "venue": "Hammersmith Odeon",
    "event": ""
  },
  "tvChannel": "",
  "showName": "",
  "source": "",
  "category": [
    "video", "misc"
  ],
  "master": false,
  "public": true,
  "ownIdentifier": "HDD#D",
  "tradeLabel": "",
  "authoredBy": "",
  "transferredBy": "",
  "notes": "",
  "tapers": [],
  "specs": {
    "media": [
      {
        "type": "DVD-5",
        "size": 2.92,
        "unit": "Gb"
      }
    ],
    "chapters": true,
    "menu": true,
    "length": 3849,
    "video": [
      {
        "tvFormat": "NTSC",
        "ratio": "4:3",
        "resolution": "720x480",
        "bitrateType": "VBR",
        "bitrateKbps": null,
        "fps": "",
        "standard": "",
        "codec": "",
        "letterboxed": false
      }
    ],
    "audio": [
      {
        "language": "",
        "codec": "MPEG1",
        "rateHz": null,
        "bitrateKbps": null,
        "channels": 2
      }
    ],
    "sourceDetail": {
      "recordingType": "AMT",
      "sourceMediaType": "VHS",
      "finalMediaType": "",
      "fileFormat": "DVD"
    }
  },
  "relatedShows": [],
  "childOf": "",
  "images": [
    {
      "folder": "71",
      "filename": "77667898.jpg",
      "externalId": "1zvRPfwlEuFm10DXFKwMWZV6cG32a66xi"
    },
    {
      "folder": "71",
      "filename": "34009859.jpg",
      "externalId": "158V9vl2CzYcJ_eVnS5TvPLD1AJc5F7sX"
    },
    {
      "folder": "71",
      "filename": "22776654.jpg",
      "externalId": "1Ct-7dZYl_fDJKFZRzY4uawFvZcUmESai"
    },
    {
      "folder": "71",
      "filename": "42053790.jpg",
      "externalId": "16GUrnvLbfEGiv-7IhkRDnjM8Hc2BVCdF"
    }
  ],
  "setlist": [
    {
      "order": 1,
      "song": "Walk Of Life",
      "feat": "Eric Clapton",
      "note": "",
      "coverOf": ""
    },
    {
      "order": 2,
      "song": "Sultans Of Swing",
      "feat": "Eric Clapton",
      "note": "",
      "coverOf": ""
    },
    {
      "order": 3,
      "song": "Romeo And Juliet",
      "feat": "Eric Clapton",
      "note": "",
      "coverOf": ""
    },
    {
      "order": 4,
      "song": "Money For Nothing",
      "feat": "Eric Clapton",
      "note": "",
      "coverOf": ""
    },
    {
      "order": 5,
      "song": "Brothers In Arms",
      "feat": "Eric Clapton",
      "note": "",
      "coverOf": ""
    },
    {
      "order": 6,
      "song": "Tunnel Of Love",
      "feat": "Eric Clapton",
      "note": "",
      "coverOf": ""
    },
    {
      "order": 7,
      "song": "Wonderful Tonight",
      "feat": "Eric Clapton",
      "note": "incomplete",
	  "comment": "best!",
      "coverOf": "Eric Clapton"
    },
    {
      "order": 8,
      "song": "Solid Rock",
      "feat": "Eric Clapton",
      "note": "incomplete",
      "coverOf": ""
    },
    {
      "order": 9,
      "song": "Going Home",
      "feat": "",
      "note": "incomplete",
      "coverOf": ""
    }
  ],
  "extras": []
}