{
  "originalTitle": "Dire Straits - 08.10.1991 - Frankfurt - Germany - Festhalle",
  "created": 1747163451,
  "lastUpdated": 1747163451,
  "bands": [
    "Dire Straits"
  ],
  "startDate": {
    "day": "08",
    "month": "10",
    "year": "1991"
  },
  "startDateUnix": 686880000,
  "endDate": {
    "day": "08",
    "month": "10",
    "year": "1991"
  },
  "endDateUnix": 686880000,
  "location": {
    "city": "Frankfurt",
    "state": "",
    "country": "Germany",
    "venue": "Festhalle",
    "event": ""
  },
  "tvChannel": "",
  "showName": "",
  "source": "",
  "category": [
    "video"
  ],
  "master": false,
  "public": true,
  "ownIdentifier": "HDD#D",
  "tradeLabel": "",
  "authoredBy": "",
  "transferredBy": "",
  "notes": "",
  "tapers": [],
  "specs": {
    "media": [
      {
        "type": "DVD-5",
        "size": 2.3,
        "unit": "Gb"
      }
    ],
    "chapters": true,
    "menu": true,
    "length": 8029,
    "video": [
      {
        "tvFormat": "NTSC",
        "ratio": "4:3",
        "resolution": "704x480",
        "bitrateType": "VBR",
        "bitrateKbps": null,
        "fps": "",
        "standard": "",
        "codec": "",
        "letterboxed": false
      }
    ],
    "audio": [
      {
        "language": "",
        "codec": "AC3",
        "rateHz": null,
        "bitrateKbps": null,
        "channels": 2
      }
    ],
    "sourceDetail": {
      "recordingType": "AMT",
      "sourceMediaType": "VHS",
      "finalMediaType": "",
      "fileFormat": "DVD"
    }
  },
  "relatedShows": [],
  "childOf": "",
  "images": [
    {
      "folder": "71",
      "filename": "79036992.jpg",
      "externalId": "11PD1QBkfbE_t3DHUh5GcvejcodvxrFma"
    },
    {
      "folder": "71",
      "filename": "38504892.jpg",
      "externalId": "1emU_gpRiZi4rcjTRmaVjSwrjStES93Wh"
    },
    {
      "folder": "71",
      "filename": "64913110.jpg",
      "externalId": "1P73OPHpZFfMtLd5n-w25IWphBvKSq8_X"
    },
    {
      "folder": "71",
      "filename": "84475887.jpg",
      "externalId": "1v4YbBpj7vl-sVKlzYR4UQ_aNfIqpS1UH"
    }
  ],
  "setlist": [
    {
      "order": 1,
      "song": "Calling Elvis",
      "feat": "",
      "note": "",
      "coverOf": ""
    },
    {
      "order": 2,
      "song": "Walk Of Life",
      "feat": "",
      "note": "",
      "coverOf": ""
    },
    {
      "order": 3,
      "song": "Heavy Fuel",
      "feat": "",
      "note": "",
      "coverOf": ""
    },
    {
      "order": 4,
      "song": "Romeo And Juliet",
      "feat": "",
      "note": "",
      "coverOf": ""
    },
    {
      "order": 5,
      "song": "Planet Of New Orleans",
      "feat": "",
      "note": "",
      "coverOf": ""
    },
    {
      "order": 6,
      "song": "The Bug",
      "feat": "",
      "note": "",
      "coverOf": ""
    },
    {
      "order": 7,
      "song": "Private Investigations",
      "feat": "",
      "note": "",
      "coverOf": ""
    },
    {
      "order": 8,
      "song": "Sultans Of Swing",
      "feat": "",
      "note": "",
      "coverOf": ""
    },
    {
      "order": 9,
      "song": "On Every Street",
      "feat": "",
      "note": "",
      "coverOf": ""
    },
    {
      "order": 10,
      "song": "You And Your Friend",
      "feat": "",
      "note": "",
      "coverOf": ""
    },
    {
      "order": 11,
      "song": "Two Young Lovers",
      "feat": "",
      "note": "",
      "coverOf": ""
    },
    {
      "order": 12,
      "song": "Tunnel Of Love",
      "feat": "",
      "note": "",
      "coverOf": ""
    },
    {
      "order": 13,
      "song": "Money For Nothing",
      "feat": "",
      "note": "",
      "coverOf": ""
    },
    {
      "order": 14,
      "song": "Brothers In Arms",
      "feat": "",
      "note": "",
      "coverOf": ""
    },
    {
      "order": 15,
      "song": "Solid Rock",
      "feat": "",
      "note": "",
      "coverOf": ""
    }
  ],
  "extras": []
}