{
  "originalTitle": "Green Day - 21.06.2013 - Moscow - Russia - SC Olimpiyskiy (Source 2)",
  "created": 1747163451,
  "lastUpdated": 1747163451,
  "bands": [
    "Green Day"
  ],
  "startDate": {
    "day": "21",
    "month": "06",
    "year": "2013"
  },
  "startDateUnix": 1371772800,
  "endDate": {
    "day": "21",
    "month": "06",
    "year": "2013"
  },
  "endDateUnix": 1371772800,
  "location": {
    "city": "Moscow",
    "state": "",
    "country": "Russia",
    "venue": "SC Olimpiyskiy",
    "event": "Test Event"
  },
  "tvChannel": "CNBC",
  "showName": "Test Show",
  "source": "Source 2",
  "category": [
    "video"
  ],
  "master": true,
  "public": true,
  "ownIdentifier": "HDD#D",
  "tradeLabel": "RT",
  "authoredBy": "Vortex",
  "transferredBy": "Dude123",
  "notes": "",
  "tapers": [
    "FLAME-XIII"
  ],
  "specs": {
    "media": [
      {
        "type": "DVD-9",
        "size": 6,
        "unit": "Gb"
      }
    ],
    "chapters": true,
    "menu": true,
    "length": 7527,
    "video": [
      {
        "tvFormat": "PAL",
        "ratio": "4:3",
        "resolution": "720x576",
        "bitrateType": "VBR",
        "bitrateKbps": 556,
        "fps": "25",
        "standard": "MPEG",
        "codec": "MP2",
        "letterboxed": false
      }
    ],
    "audio": [
      {
        "language": "en",
        "codec": "AC3",
        "rateHz": 44000,
        "bitrateKbps": 1200,
        "channels": 2
      }
    ],
    "sourceDetail": {
      "recordingType": "AMT",
      "sourceMediaType": "VHS",
      "finalMediaType": "VOB",
      "fileFormat": "DVD"
    }
  },
  "relatedShows": ["slipknot_15_11_2008_source_1_video"],
  "childOf": "",
  "images": [
    {
      "folder": "69",
      "filename": "06536721.jpg",
      "externalId": "1_dThP5g9HAqLdQvy2nthit-Rs9g6WcYv"
    },
    {
      "folder": "69",
      "filename": "88067210.jpg",
      "externalId": "1PvY_bvWFLK5c4h8RKYFMfxHLsTrkfXyf"
    },
    {
      "folder": "69",
      "filename": "37696766.jpg",
      "externalId": "1amBOv2GorUdRsz6gzXdV2D7cJ_GbKE-U"
    },
    {
      "folder": "69",
      "filename": "66212569.jpg",
      "externalId": "14M2ee_ci9O4srBh82LUAFmth7JObczo4"
    }
  ],
  "setlist": [
    {
      "order": 1,
      "song": "Blitzkrieg Bop",
      "feat": "",
      "note": "tape",
      "coverOf": ""
    },
    {
      "order": 2,
      "song": "The Good, The Bad And The Ugly",
      "feat": "",
      "note": "tape",
      "coverOf": ""
    },
    {
      "order": 3,
      "song": "99 Revolutions",
      "feat": "",
      "note": "",
      "coverOf": ""
    },
    {
      "order": 4,
      "song": "Know Your Enemy",
      "feat": "",
      "note": "",
      "coverOf": ""
    },
    {
      "order": 5,
      "song": "Stay The Night",
      "feat": "",
      "note": "",
      "coverOf": ""
    },
    {
      "order": 6,
      "song": "Stop When The Red Lights Flash",
      "feat": "",
      "note": "",
      "coverOf": ""
    },
    {
      "order": 7,
      "song": "Letterbomb",
      "feat": "",
      "note": "",
      "coverOf": ""
    },
    {
      "order": 8,
      "song": "Oh Love",
      "feat": "",
      "note": "",
      "coverOf": ""
    },
    {
      "order": 9,
      "song": "Holiday",
      "feat": "",
      "note": "",
      "coverOf": ""
    },
    {
      "order": 10,
      "song": "Boulevard Of Broken Dreams",
      "feat": "",
      "note": "",
      "coverOf": ""
    },
    {
      "order": 11,
      "song": "Stray Heart",
      "feat": "",
      "note": "",
      "coverOf": ""
    },
    {
      "order": 12,
      "song": "Wake Me Up When September Ends (partial)",
      "feat": "",
      "note": "",
      "coverOf": ""
    },
    {
      "order": 13,
      "song": "Nice Guys Finish Last",
      "feat": "",
      "note": "",
      "coverOf": ""
    },
    {
      "order": 14,
      "song": "Waiting",
      "feat": "",
      "note": "incomplete",
      "coverOf": ""
    },
    {
      "order": 15,
      "song": "Missing You",
      "feat": "",
      "note": "",
      "coverOf": ""
    },
    {
      "order": 16,
      "song": "Burnout",
      "feat": "",
      "note": "",
      "coverOf": ""
    },
    {
      "order": 17,
      "song": "Hitchin' A Ride",
      "feat": "",
      "note": "",
      "coverOf": ""
    },
    {
      "order": 18,
      "song": "Welcome To Paradise",
      "feat": "",
      "note": "",
      "coverOf": ""
    },
    {
      "order": 19,
      "song": "When I Come Around",
      "feat": "",
      "note": "",
      "coverOf": ""
    },
    {
      "order": 20,
      "song": "St. Jimmy",
      "feat": "",
      "note": "",
      "coverOf": ""
    },
    {
      "order": 21,
      "song": "Longview",
      "feat": "",
      "note": "",
      "coverOf": ""
    },
    {
      "order": 22,
      "song": "Basket Case",
      "feat": "",
      "note": "",
      "coverOf": ""
    },
    {
      "order": 23,
      "song": "She",
      "feat": "",
      "note": "",
      "coverOf": ""
    },
    {
      "order": 24,
      "song": "King For A Day",
      "feat": "",
      "note": "",
      "coverOf": ""
    },
    {
      "order": 25,
      "song": "Always Look On The Bright Side Of Life  / (I Can't Get No) Satisfaction  / Hey Jude",
      "feat": "",
      "note": "",
      "coverOf": "Monty Python"
    },
    {
      "order": 26,
      "song": "X-Kid",
      "feat": "",
      "note": "",
      "coverOf": ""
    },
    {
      "order": 27,
      "song": "Minority",
      "feat": "",
      "note": "",
      "coverOf": ""
    },
    {
      "order": 28,
      "song": "American Idiot",
      "feat": "",
      "note": "not recorded",
      "coverOf": ""
    },
    {
      "order": 29,
      "song": "Jesus Of Suburbia",
      "feat": "",
      "note": "not recorded",
      "coverOf": ""
    },
    {
      "order": 30,
      "song": "Brutal Love",
      "feat": "",
      "note": "not recorded",
      "coverOf": ""
    },
    {
      "order": 31,
      "song": "Good Riddance (Time Of Your Life) (not recorded)",
      "feat": "",
      "note": "",
      "coverOf": ""
    }
  ],
  "extras": []
}