{
  "originalTitle": "Green Day - 15.09.2012 - New York - NY - USA - Irving Plaza",
  "created": 1748629086,
  "lastUpdated": 1748629086,
  "bands": [
    "Green Day"
  ],
  "startDate": {
    "day": "15",
    "month": "09",
    "year": "2012"
  },
  "startDateUnix": 1347667200,
  "endDate": {
    "day": "15",
    "month": "09",
    "year": "2012"
  },
  "endDateUnix": 1347667200,
  "location": {
    "city": "New York",
    "state": "NY",
    "country": "USA",
    "venue": "Irving Plaza",
    "event": ""
  },
  "tvChannel": "",
  "showName": "",
  "source": "",
  "category": [
    "video"
  ],
  "master": false,
  "public": true,
  "ownIdentifier": "HDD#F",
  "tradeLabel": "",
  "authoredBy": "",
  "transferredBy": "",
  "notes": "",
  "tapers": [],
  "specs": {
    "media": [
      {
        "type": "DVD-5",
        "size": 4.03,
        "unit": "Gb"
      }
    ],
    "chapters": true,
    "menu": true,
    "length": 3641,
    "video": [
      {
        "tvFormat": "PAL",
        "ratio": "16:9",
        "resolution": "720x576",
        "bitrateType": "VBR",
        "bitrateKbps": null,
        "fps": "",
        "standard": "",
        "codec": "",
        "letterboxed": true
      }
    ],
    "audio": [
      {
        "language": "",
        "codec": "LPCM",
        "rateHz": null,
        "bitrateKbps": null,
        "channels": 2
      }
    ],
    "sourceDetail": {
      "recordingType": "PRO",
      "sourceMediaType": "",
      "finalMediaType": "",
      "fileFormat": "DVD"
    }
  },
  "relatedShows": [],
  "childOf": "",
  "images": [
    {
      "folder": "45",
      "filename": "01175652.jpg",
      "externalId": "1PpG99tVlrTuy-19JtyQTh6aQfWq2a5Re"
    },
    {
      "folder": "45",
      "filename": "51899466.jpg",
      "externalId": "1HyvgMOgT27Sh2A_2EFvlZJh_sWM79F4l"
    },
    {
      "folder": "45",
      "filename": "29790508.jpg",
      "externalId": "11HkkjlI6MIrJ82y7JJQGdmlKPs1SMecw"
    },
    {
      "folder": "45",
      "filename": "78204678.jpg",
      "externalId": "19iynGbmn7B-DTywNE2wY0FSROUWQZqzY"
    }
  ],
  "setlist": [
    {
      "order": 1,
      "song": "Intro",
      "feat": "",
      "note": "",
      "comment": "",
      "coverOf": ""
    },
    {
      "order": 2,
      "song": "Welcome To Paradise",
      "feat": "",
      "note": "",
      "comment": "",
      "coverOf": ""
    },
    {
      "order": 3,
      "song": "Murder City",
      "feat": "",
      "note": "",
      "comment": "",
      "coverOf": ""
    },
    {
      "order": 4,
      "song": "Know Your Enemy",
      "feat": "",
      "note": "",
      "comment": "",
      "coverOf": ""
    },
    {
      "order": 5,
      "song": "Nuclear Family",
      "feat": "",
      "note": "",
      "comment": "",
      "coverOf": ""
    },
    {
      "order": 6,
      "song": "Stay The Night",
      "feat": "",
      "note": "",
      "comment": "",
      "coverOf": ""
    },
    {
      "order": 7,
      "song": "Stop When The Red Lights Flash",
      "feat": "",
      "note": "",
      "comment": "",
      "coverOf": ""
    },
    {
      "order": 8,
      "song": "Let Yourself Go",
      "feat": "",
      "note": "",
      "comment": "",
      "coverOf": ""
    },
    {
      "order": 9,
      "song": "Oh Love",
      "feat": "",
      "note": "",
      "comment": "",
      "coverOf": ""
    },
    {
      "order": 10,
      "song": "Holiday",
      "feat": "",
      "note": "",
      "comment": "",
      "coverOf": ""
    },
    {
      "order": 11,
      "song": "Scattered",
      "feat": "",
      "note": "",
      "comment": "",
      "coverOf": ""
    },
    {
      "order": 12,
      "song": "Burnout",
      "feat": "",
      "note": "",
      "comment": "",
      "coverOf": ""
    },
    {
      "order": 13,
      "song": "Hitchin' A Ride",
      "feat": "",
      "note": "",
      "comment": "",
      "coverOf": ""
    },
    {
      "order": 14,
      "song": "When I Come Around",
      "feat": "",
      "note": "",
      "comment": "",
      "coverOf": ""
    },
    {
      "order": 15,
      "song": "She",
      "feat": "",
      "note": "",
      "comment": "",
      "coverOf": ""
    },
    {
      "order": 16,
      "song": "American Idiot",
      "feat": "",
      "note": "",
      "comment": "",
      "coverOf": ""
    }
  ],
  "extras": []
}