{
  "originalTitle": "Iron Maiden - 25.08.1983 - Uniondale - NY - USA - Nassau Veterans Memorial Coliseum",
  "created": 1748629086,
  "lastUpdated": 1748629086,
  "bands": [
    "Iron Maiden"
  ],
  "startDate": {
    "day": "25",
    "month": "08",
    "year": "1983"
  },
  "startDateUnix": 430617600,
  "endDate": {
    "day": "25",
    "month": "08",
    "year": "1983"
  },
  "endDateUnix": 430617600,
  "location": {
    "city": "Uniondale",
    "state": "NY",
    "country": "USA",
    "venue": "Nassau Veterans Memorial Coliseum",
    "event": ""
  },
  "tvChannel": "",
  "showName": "",
  "source": "",
  "category": [
    "video"
  ],
  "master": false,
  "public": true,
  "ownIdentifier": "HDD#J",
  "tradeLabel": "",
  "authoredBy": "",
  "transferredBy": "",
  "notes": "",
  "tapers": [],
  "specs": {
    "media": [
      {
        "type": "DVD-5",
        "size": 4.21,
        "unit": "Gb"
      }
    ],
    "chapters": true,
    "menu": false,
    "length": 5311,
    "video": [
      {
        "tvFormat": "NTSC",
        "ratio": "4:3",
        "resolution": "720x480",
        "bitrateType": "VBR",
        "bitrateKbps": null,
        "fps": "",
        "standard": "",
        "codec": "",
        "letterboxed": false
      }
    ],
    "audio": [
      {
        "language": "",
        "codec": "AC3",
        "rateHz": null,
        "bitrateKbps": null,
        "channels": 2
      }
    ],
    "sourceDetail": {
      "recordingType": "AMT",
      "sourceMediaType": "VHS",
      "finalMediaType": "",
      "fileFormat": "DVD"
    }
  },
  "relatedShows": [],
  "childOf": "",
  "images": [
    {
      "folder": "45",
      "filename": "82573298.jpg",
      "externalId": "1J63kjeejYzEwTt2McXInm1fyoo2rWakv"
    },
    {
      "folder": "45",
      "filename": "66708879.jpg",
      "externalId": "1tP7Lf9Fd9DEm3Ap4thdXxoKX1OjgqtoV"
    },
    {
      "folder": "45",
      "filename": "97826900.jpg",
      "externalId": "1OLRHGYGcE18s4cS1hCYdY6uYtZjeTX2Y"
    },
    {
      "folder": "45",
      "filename": "13099200.jpg",
      "externalId": "1rah3CONgEN6rg6O3HaJRLAajSBjNPQLW"
    }
  ],
  "setlist": [
    {
      "order": 1,
      "song": "Where Eagles Dare",
      "feat": "",
      "note": "",
      "comment": "",
      "coverOf": ""
    },
    {
      "order": 2,
      "song": "Santuary",
      "feat": "",
      "note": "",
      "comment": "",
      "coverOf": ""
    },
    {
      "order": 3,
      "song": "Wrathchild",
      "feat": "",
      "note": "",
      "comment": "",
      "coverOf": ""
    },
    {
      "order": 4,
      "song": "The Trooper",
      "feat": "",
      "note": "",
      "comment": "",
      "coverOf": ""
    },
    {
      "order": 5,
      "song": "Revolations",
      "feat": "",
      "note": "",
      "comment": "",
      "coverOf": ""
    },
    {
      "order": 6,
      "song": "Flight Of Icaras",
      "feat": "",
      "note": "",
      "comment": "",
      "coverOf": ""
    },
    {
      "order": 7,
      "song": "Die With Your Boots On",
      "feat": "",
      "note": "",
      "comment": "",
      "coverOf": ""
    },
    {
      "order": 8,
      "song": "22 Acacia Avenue",
      "feat": "",
      "note": "",
      "comment": "",
      "coverOf": ""
    },
    {
      "order": 9,
      "song": "Number Of The Beast",
      "feat": "",
      "note": "",
      "comment": "",
      "coverOf": ""
    },
    {
      "order": 10,
      "song": "To Tame A Land",
      "feat": "",
      "note": "",
      "comment": "",
      "coverOf": ""
    },
    {
      "order": 11,
      "song": "Hallowed Be Thy Name",
      "feat": "",
      "note": "",
      "comment": "",
      "coverOf": ""
    },
    {
      "order": 12,
      "song": "Iron Maiden",
      "feat": "",
      "note": "",
      "comment": "",
      "coverOf": ""
    },
    {
      "order": 13,
      "song": "Run To The Hills",
      "feat": "",
      "note": "",
      "comment": "",
      "coverOf": ""
    },
    {
      "order": 14,
      "song": "The Drifter",
      "feat": "",
      "note": "",
      "comment": "",
      "coverOf": ""
    }
  ],
  "extras": []
}