{
  "originalTitle": "Lamb Of God - 14.02.2020 - Chicago - IL - USA - House Of Vans",
  "created": 1748629086,
  "lastUpdated": 1748629086,
  "bands": [
    "Lamb Of God"
  ],
  "startDate": {
    "day": "14",
    "month": "02",
    "year": "2020"
  },
  "startDateUnix": 1581638400,
  "endDate": {
    "day": "14",
    "month": "02",
    "year": "2020"
  },
  "endDateUnix": 1581638400,
  "location": {
    "city": "Chicago",
    "state": "IL",
    "country": "USA",
    "venue": "House Of Vans",
    "event": ""
  },
  "tvChannel": "",
  "showName": "",
  "source": "",
  "category": [
    "video"
  ],
  "master": false,
  "public": true,
  "ownIdentifier": "HDD#D",
  "tradeLabel": "",
  "authoredBy": "",
  "transferredBy": "",
  "notes": "",
  "tapers": [],
  "specs": {
    "media": [
      {
        "type": "DVD-5",
        "size": 1.09,
        "unit": "Gb"
      }
    ],
    "chapters": false,
    "menu": false,
    "length": 4060,
    "video": [
      {
        "tvFormat": "",
        "ratio": "",
        "resolution": "1920x1080",
        "bitrateType": "",
        "bitrateKbps": null,
        "fps": "30",
        "standard": "MPEG4",
        "codec": "H264",
        "letterboxed": false
      }
    ],
    "audio": [
      {
        "language": "",
        "codec": "AAC",
        "rateHz": 48000,
        "bitrateKbps": null,
        "channels": 2
      }
    ],
    "sourceDetail": {
      "recordingType": "PRO",
      "sourceMediaType": "WebStream",
      "finalMediaType": "HD",
      "fileFormat": "MKV"
    }
  },
  "relatedShows": [],
  "childOf": "",
  "images": [
    {
      "folder": "71",
      "filename": "73595032.jpg",
      "externalId": "18wUVqFt_U1NIuuR5QfIyMByRlXn3EiSr"
    },
    {
      "folder": "71",
      "filename": "03251845.jpg",
      "externalId": "1_noDz63GKNNqkaJ97yNnOXqsGykZLOob"
    },
    {
      "folder": "71",
      "filename": "73993875.jpg",
      "externalId": "1VkExgb3OF9fc556OFItXV64ium3nWJ5v"
    },
    {
      "folder": "71",
      "filename": "78676371.jpg",
      "externalId": "1kRdxDId8yFY_2tXWVf-VIoJ-N_Xby7wV"
    }
  ],
  "setlist": [
    {
      "order": 1,
      "song": "Laid To Rest",
      "feat": "",
      "note": "",
      "comment": "",
      "coverOf": ""
    },
    {
      "order": 2,
      "song": "Now You've Got Something To Die For",
      "feat": "",
      "note": "",
      "comment": "",
      "coverOf": ""
    },
    {
      "order": 3,
      "song": "Ruin",
      "feat": "",
      "note": "",
      "comment": "",
      "coverOf": ""
    },
    {
      "order": 4,
      "song": "Walk With Me In Hell",
      "feat": "",
      "note": "",
      "comment": "",
      "coverOf": ""
    },
    {
      "order": 5,
      "song": "Set To Fail",
      "feat": "",
      "note": "",
      "comment": "",
      "coverOf": ""
    },
    {
      "order": 6,
      "song": "Hourglass",
      "feat": "",
      "note": "",
      "comment": "",
      "coverOf": ""
    },
    {
      "order": 7,
      "song": "512",
      "feat": "",
      "note": "",
      "comment": "",
      "coverOf": ""
    },
    {
      "order": 8,
      "song": "Ghost Walking",
      "feat": "",
      "note": "",
      "comment": "",
      "coverOf": ""
    },
    {
      "order": 9,
      "song": "Checkmate",
      "feat": "",
      "note": "",
      "comment": "",
      "coverOf": ""
    },
    {
      "order": 10,
      "song": "Descending",
      "feat": "",
      "note": "",
      "comment": "",
      "coverOf": ""
    },
    {
      "order": 11,
      "song": "Contractor",
      "feat": "",
      "note": "",
      "comment": "",
      "coverOf": ""
    },
    {
      "order": 12,
      "song": "Omerta",
      "feat": "",
      "note": "",
      "comment": "",
      "coverOf": ""
    },
    {
      "order": 13,
      "song": "Redneck",
      "feat": "",
      "note": "",
      "comment": "",
      "coverOf": ""
    }
  ],
  "extras": []
}