{
  "originalTitle": "Limp Bizkit - 27.06.2014 - Arnhem - Netherlands - Musis Sacrum (Source 1) [AUDIO]",
  "created": 1748629086,
  "lastUpdated": 1748629086,
  "bands": [
    "Limp Bizkit"
  ],
  "startDate": {
    "day": "27",
    "month": "06",
    "year": "2014"
  },
  "startDateUnix": 1403827200,
  "endDate": {
    "day": "27",
    "month": "06",
    "year": "2014"
  },
  "endDateUnix": 1403827200,
  "location": {
    "city": "Arnhem",
    "state": "",
    "country": "Netherlands",
    "venue": "Musis Sacrum",
    "event": ""
  },
  "tvChannel": "",
  "showName": "",
  "source": "Source 1",
  "category": [
    "audio"
  ],
  "master": false,
  "public": true,
  "ownIdentifier": "HDD#O",
  "tradeLabel": "",
  "authoredBy": "",
  "transferredBy": "",
  "notes": "Remastered by nowfacethetruth. Church Audio CA-14 omnis &gt; Church Audio Ugly 2 Pre-amp &gt; Sony PCM-M10 (24/96) &gt; Sony PCM-M10 &gt; PC &gt; Adobe Audition 3.0 (EQ, volume boost +8dB, fade in/out, 16bit output) &gt; CD Wave (splitting + output FLAC Highend Level 8).",
  "tapers": [
    "thierry1982"
  ],
  "specs": {
    "media": [
      {
        "type": "CD",
        "size": 563,
        "unit": "Mb"
      }
    ],
    "chapters": false,
    "menu": false,
    "length": 5427,
    "video": {
      "format": "",
      "ratio": "",
      "resolution": "",
      "bitrateType": "",
      "bitrateKbps": null,
      "letterboxed": false
    },
    "audio": [
      {
        "language": "",
        "codec": "FLAC",
        "rateHz": 44100,
        "bitrateKbps": 1411,
        "channels": 2
      }
    ],
    "sourceDetail": {
      "recordingType": "AMT",
      "sourceMediaType": "",
      "finalMediaType": "",
      "fileFormat": "FLAC"
    }
  },
  "relatedShows": [],
  "childOf": "",
  "images": [],
  "setlist": [
    {
      "order": 1,
      "song": "Intro",
      "feat": "",
      "note": "",
      "comment": "",
      "coverOf": ""
    },
    {
      "order": 2,
      "song": "Why Try",
      "feat": "",
      "note": "",
      "comment": "",
      "coverOf": ""
    },
    {
      "order": 3,
      "song": "Rollin' (Air Raid Vehicle)",
      "feat": "",
      "note": "",
      "comment": "",
      "coverOf": ""
    },
    {
      "order": 4,
      "song": "9 Teen 90 Nine",
      "feat": "",
      "note": "",
      "comment": "",
      "coverOf": ""
    },
    {
      "order": 5,
      "song": "I'm Broke",
      "feat": "",
      "note": "",
      "comment": "",
      "coverOf": ""
    },
    {
      "order": 6,
      "song": "Hot Dog",
      "feat": "",
      "note": "",
      "comment": "",
      "coverOf": ""
    },
    {
      "order": 7,
      "song": "Faith",
      "feat": "",
      "note": "",
      "comment": "",
      "coverOf": "George Michael"
    },
    {
      "order": 8,
      "song": "Gold Cobra",
      "feat": "",
      "note": "",
      "comment": "",
      "coverOf": ""
    },
    {
      "order": 9,
      "song": "Welcome To The Jungle",
      "feat": "",
      "note": "",
      "comment": "",
      "coverOf": "Guns N' Roses"
    },
    {
      "order": 10,
      "song": "My Generation",
      "feat": "",
      "note": "",
      "comment": "",
      "coverOf": ""
    },
    {
      "order": 11,
      "song": "Livin' It Up",
      "feat": "",
      "note": "",
      "comment": "",
      "coverOf": ""
    },
    {
      "order": 12,
      "song": "Boiler",
      "feat": "",
      "note": "",
      "comment": "",
      "coverOf": ""
    },
    {
      "order": 13,
      "song": "Jam",
      "feat": "",
      "note": "",
      "comment": "",
      "coverOf": ""
    },
    {
      "order": 14,
      "song": "My Way",
      "feat": "",
      "note": "",
      "comment": "",
      "coverOf": ""
    },
    {
      "order": 15,
      "song": "Nookie",
      "feat": "",
      "note": "",
      "comment": "",
      "coverOf": ""
    },
    {
      "order": 16,
      "song": "Take A Look Around",
      "feat": "",
      "note": "",
      "comment": "",
      "coverOf": ""
    },
    {
      "order": 17,
      "song": "Break Stuff",
      "feat": "",
      "note": "",
      "comment": "",
      "coverOf": ""
    }
  ],
  "extras": []
}