{
  "originalTitle": "Limp Bizkit - 29.06.2014 - Cologne - Germany - Palladium",
  "created": 1748629086,
  "lastUpdated": 1748629086,
  "bands": [
    "Limp Bizkit"
  ],
  "startDate": {
    "day": "29",
    "month": "06",
    "year": "2014"
  },
  "startDateUnix": 1404000000,
  "endDate": {
    "day": "29",
    "month": "06",
    "year": "2014"
  },
  "endDateUnix": 1404000000,
  "location": {
    "city": "Cologne",
    "state": "",
    "country": "Germany",
    "venue": "Palladium",
    "event": ""
  },
  "tvChannel": "",
  "showName": "",
  "source": "",
  "category": [
    "video"
  ],
  "master": false,
  "public": true,
  "ownIdentifier": "HDD#O",
  "tradeLabel": "",
  "authoredBy": "",
  "transferredBy": "",
  "notes": "",
  "tapers": [
    "nowfacethetruth"
  ],
  "specs": {
    "media": [
      {
        "type": "BD-25",
        "size": 18.3,
        "unit": "Gb"
      }
    ],
    "chapters": false,
    "menu": false,
    "length": 6083,
    "video": [
      {
        "tvFormat": "",
        "ratio": "",
        "resolution": "1920x1080",
        "bitrateType": "",
        "bitrateKbps": null,
        "fps": "50",
        "standard": "MPEG4",
        "codec": "H264",
        "letterboxed": false
      }
    ],
    "audio": [
      {
        "language": "",
        "codec": "PCM",
        "rateHz": 48000,
        "bitrateKbps": 1536,
        "channels": 2
      }
    ],
    "sourceDetail": {
      "recordingType": "AMT",
      "sourceMediaType": "HD",
      "finalMediaType": "BD",
      "fileFormat": "M2TS"
    }
  },
  "relatedShows": [],
  "childOf": "",
  "images": [
    {
      "folder": "53",
      "filename": "48680616.jpg",
      "externalId": "1Qf8ywOx83tSz1THWRWLJE74yNPattxBB"
    },
    {
      "folder": "53",
      "filename": "05242009.jpg",
      "externalId": "1qMa_tBFpk7Wm3EDpDfBfceqC08uoG7C-"
    },
    {
      "folder": "53",
      "filename": "49491303.jpg",
      "externalId": "1Av-Z7h5yl2D93WHYawOunQAzPW5XC7lO"
    },
    {
      "folder": "53",
      "filename": "77219821.jpg",
      "externalId": "1W3pLDUDx_KIbcGc6oSd2UExUAmSATIOc"
    }
  ],
  "setlist": [
    {
      "order": 1,
      "song": "The Propaganda",
      "feat": "",
      "note": "",
      "comment": "",
      "coverOf": ""
    },
    {
      "order": 2,
      "song": "The Truth",
      "feat": "",
      "note": "",
      "comment": "",
      "coverOf": ""
    },
    {
      "order": 3,
      "song": "9 Teen 90 Nine",
      "feat": "",
      "note": "",
      "comment": "",
      "coverOf": ""
    },
    {
      "order": 4,
      "song": "Rollin' (Air Raid Vehicle)",
      "feat": "",
      "note": "",
      "comment": "",
      "coverOf": ""
    },
    {
      "order": 5,
      "song": "Hot Dog",
      "feat": "",
      "note": "",
      "comment": "",
      "coverOf": ""
    },
    {
      "order": 6,
      "song": "Stalemate",
      "feat": "",
      "note": "",
      "comment": "",
      "coverOf": ""
    },
    {
      "order": 7,
      "song": "Sour",
      "feat": "",
      "note": "",
      "comment": "",
      "coverOf": ""
    },
    {
      "order": 8,
      "song": "My Generation",
      "feat": "",
      "note": "",
      "comment": "",
      "coverOf": ""
    },
    {
      "order": 9,
      "song": "My Way",
      "feat": "",
      "note": "",
      "comment": "",
      "coverOf": ""
    },
    {
      "order": 10,
      "song": "Gold Cobra",
      "feat": "",
      "note": "",
      "comment": "",
      "coverOf": ""
    },
    {
      "order": 11,
      "song": "So What",
      "feat": "",
      "note": "",
      "comment": "",
      "coverOf": "Ministry"
    },
    {
      "order": 12,
      "song": "Nookie",
      "feat": "",
      "note": "",
      "comment": "",
      "coverOf": ""
    },
    {
      "order": 13,
      "song": "Take A Look Around",
      "feat": "",
      "note": "",
      "comment": "",
      "coverOf": ""
    },
    {
      "order": 14,
      "song": "Behind Blue Eyes",
      "feat": "",
      "note": "",
      "comment": "",
      "coverOf": "The Who"
    },
    {
      "order": 15,
      "song": "Welcome To The Jungle  / Heart-Shaped Box  / Smells Like Teen Spirit  / Master Of Puppets",
      "feat": "",
      "note": "",
      "comment": "",
      "coverOf": "Guns N' Roses"
    },
    {
      "order": 16,
      "song": "Break Stuff",
      "feat": "",
      "note": "",
      "comment": "",
      "coverOf": ""
    }
  ],
  "extras": []
}