{
  "originalTitle": "Linkin Park - [26.07.2009] - St. Petersburg - Russia - Telebashnya Stadium - Tuborg Green Fest [Compilation]",
  "created": 1,
  "lastUpdated": 1,
  "bands": [
    "Linkin Park"
  ],
  "startDate": {
    "day": "26",
    "month": "07",
    "year": "2009"
  },
  "startDateUnix": 1248566400,
  "endDate": {
    "day": "26",
    "month": "07",
    "year": "2009"
  },
  "endDateUnix": 1248566400,
  "location": {
    "city": "Linkin Park",
    "state": "",
    "country": "[26.07.2009]",
    "venue": "St. Petersburg",
    "event": "Russia - Telebashnya Stadium - Tuborg Green Fest"
  },
  "tvChannel": "",
  "showName": "",
  "source": "",
  "category": [
    "video",
    "compilation"
  ],
  "master": false,
  "public": true,
  "ownIdentifier": "HDD#O",
  "tradeLabel": "",
  "authoredBy": "",
  "transferredBy": "",
  "notes": "",
  "tapers": [],
  "specs": {
    "media": [
      {
        "type": "DVD-5",
        "size": 4.1,
        "unit": "Gb"
      }
    ],
    "chapters": true,
    "menu": true,
    "length": 4586,
    "video": [
      {
        "tvFormat": "PAL",
        "ratio": "4:3",
        "resolution": "720x576",
        "bitrateType": "VBR",
        "bitrateKbps": null,
        "fps": "",
        "standard": "",
        "codec": "",
        "letterboxed": true
      }
    ],
    "audio": [
      {
        "language": "en",
        "codec": "LPCM",
        "rateHz": null,
        "bitrateKbps": null,
        "channels": 2
      }
    ],
    "sourceDetail": {
      "recordingType": "AMT/PRO",
      "sourceMediaType": "",
      "finalMediaType": "",
      "fileFormat": "DVD"
    }
  },
  "relatedShows": [],
  "childOf": "",
  "images": [
    {
      "folder": "60",
      "filename": "31508720.jpg",
      "externalId": "1xqtFVfUX0B_DuvpM2XdJDMQgQ4I8vkMJ"
    },
    {
      "folder": "60",
      "filename": "92100993.jpg",
      "externalId": "1eC6j0KRk3y8gz8dr1pQUN8_XuPZqEQxJ"
    },
    {
      "folder": "60",
      "filename": "40697420.jpg",
      "externalId": "1zgNapH8GQdeqbppjPnU5l03iLfG4X5PZ"
    },
    {
      "folder": "60",
      "filename": "98942438.jpg",
      "externalId": "1vYXqjKgytLM1dPQapzhPhhRTqhqGDqxm"
    }
  ],
  "parentOf": [
    "linkin_park_26_07_2009_source_2_video",
    "linkin_park_26_07_2009_source_3_video",
    "linkin_park_26_07_2009_source_4_video",
    "linkin_park_26_07_2009_video_misc"
  ],
  "setlist": []
}