{
  "originalTitle": "Megadeth - 13.10.1990 - Birmingham - England - N.E.C (Source 2)",
  "created": 1748629086,
  "lastUpdated": 1748629086,
  "bands": [
    "Megadeth"
  ],
  "startDate": {
    "day": "13",
    "month": "10",
    "year": "1990"
  },
  "startDateUnix": 655776000,
  "endDate": {
    "day": "13",
    "month": "10",
    "year": "1990"
  },
  "endDateUnix": 655776000,
  "location": {
    "city": "Birmingham",
    "state": "",
    "country": "England",
    "venue": "N.E.C",
    "event": ""
  },
  "tvChannel": "",
  "showName": "",
  "source": "Source 2",
  "category": [
    "video"
  ],
  "master": false,
  "public": true,
  "ownIdentifier": "HDD#C",
  "tradeLabel": "",
  "authoredBy": "",
  "transferredBy": "",
  "notes": "\"From The Vaults - Vol 4\".",
  "tapers": [],
  "specs": {
    "media": [
      {
        "type": "DVD-5",
        "size": 3.97,
        "unit": "Gb"
      }
    ],
    "chapters": true,
    "menu": false,
    "length": 7228,
    "video": [
      {
        "tvFormat": "NTSC",
        "ratio": "4:3",
        "resolution": "704x480",
        "bitrateType": "VBR",
        "bitrateKbps": null,
        "fps": "",
        "standard": "",
        "codec": "",
        "letterboxed": false
      }
    ],
    "audio": [
      {
        "language": "",
        "codec": "AC3",
        "rateHz": null,
        "bitrateKbps": null,
        "channels": 2
      }
    ],
    "sourceDetail": {
      "recordingType": "AMT",
      "sourceMediaType": "VHS",
      "finalMediaType": "",
      "fileFormat": "DVD"
    }
  },
  "relatedShows": [],
  "childOf": "",
  "images": [
    {
      "folder": "28",
      "filename": "92291846.jpg",
      "externalId": "1ocS58wwPinv8v1J0sDj6cctis6Al4Lu3"
    },
    {
      "folder": "28",
      "filename": "78484830.jpg",
      "externalId": "1sFGk5qW29_UCdyp0TI0Cm6NdAFcap5Qc"
    },
    {
      "folder": "28",
      "filename": "06952689.jpg",
      "externalId": "1c-F0Qxi2yhqgtJ7uU6iNEQAhn8FTrene"
    },
    {
      "folder": "28",
      "filename": "88318257.jpg",
      "externalId": "1S8kAZl1G9T3nljmp7hT3WyUzLKyv_ohk"
    }
  ],
  "setlist": [
    {
      "order": 1,
      "song": "Lucretia (jam)",
      "feat": "",
      "note": "",
      "comment": "",
      "coverOf": ""
    },
    {
      "order": 2,
      "song": "Intro",
      "feat": "",
      "note": "",
      "comment": "",
      "coverOf": ""
    },
    {
      "order": 4,
      "song": "Rattlehead",
      "feat": "",
      "note": "",
      "comment": "",
      "coverOf": ""
    },
    {
      "order": 5,
      "song": "Wake Up Dead",
      "feat": "",
      "note": "",
      "comment": "",
      "coverOf": ""
    },
    {
      "order": 6,
      "song": "Hangar 18",
      "feat": "",
      "note": "",
      "comment": "",
      "coverOf": ""
    },
    {
      "order": 7,
      "song": "Hook In Mouth",
      "feat": "",
      "note": "",
      "comment": "",
      "coverOf": ""
    },
    {
      "order": 8,
      "song": "Skull Beneath The Skin",
      "feat": "",
      "note": "",
      "comment": "",
      "coverOf": ""
    },
    {
      "order": 9,
      "song": "The Conjuring",
      "feat": "",
      "note": "",
      "comment": "",
      "coverOf": ""
    },
    {
      "order": 10,
      "song": "In My Darkest Hour",
      "feat": "",
      "note": "",
      "comment": "",
      "coverOf": ""
    },
    {
      "order": 11,
      "song": "Lucretia",
      "feat": "",
      "note": "",
      "comment": "",
      "coverOf": ""
    },
    {
      "order": 12,
      "song": "Devil's Island",
      "feat": "",
      "note": "",
      "comment": "",
      "coverOf": ""
    },
    {
      "order": 13,
      "song": "Take No Prisoners",
      "feat": "",
      "note": "",
      "comment": "",
      "coverOf": ""
    },
    {
      "order": 14,
      "song": "Peace Sells",
      "feat": "",
      "note": "",
      "comment": "",
      "coverOf": ""
    },
    {
      "order": 15,
      "song": "Good Mourning / Black Friday",
      "feat": "",
      "note": "",
      "comment": "",
      "coverOf": ""
    },
    {
      "order": 16,
      "song": "Holy Wars...The Punishment Due",
      "feat": "",
      "note": "",
      "comment": "",
      "coverOf": ""
    },
    {
      "order": 17,
      "song": "Anarchy In The UK",
      "feat": "",
      "note": "",
      "comment": "",
      "coverOf": ""
    }
  ],
  "extras": [
    {
      "order": 1,
      "song": "Dressing Room",
      "feat": "",
      "note": "",
      "coverOf": "",
      "comment": ""
    },
    {
      "order": 2,
      "song": "Backstage",
      "feat": "",
      "note": "",
      "coverOf": "",
      "comment": ""
    },
    {
      "order": 3,
      "song": "Outside With The Fans",
      "feat": "",
      "note": "",
      "coverOf": "",
      "comment": ""
    },
    {
      "order": 4,
      "song": "Driving To The Hotel",
      "feat": "",
      "note": "",
      "coverOf": "",
      "comment": ""
    }
  ]
}