{
  "originalTitle": "Megadeth - 04.06.1987 - Detroit - MI - USA - Harpo's",
  "created": 1748629086,
  "lastUpdated": 1748629086,
  "bands": [
    "Megadeth"
  ],
  "startDate": {
    "day": "04",
    "month": "06",
    "year": "1987"
  },
  "startDateUnix": 549763200,
  "endDate": {
    "day": "04",
    "month": "06",
    "year": "1987"
  },
  "endDateUnix": 549763200,
  "location": {
    "city": "Detroit",
    "state": "MI",
    "country": "USA",
    "venue": "Harpo's",
    "event": ""
  },
  "tvChannel": "",
  "showName": "",
  "source": "",
  "category": [
    "video"
  ],
  "master": false,
  "public": true,
  "ownIdentifier": "HDD#J",
  "tradeLabel": "",
  "authoredBy": "",
  "transferredBy": "",
  "notes": "",
  "tapers": [],
  "specs": {
    "media": [
      {
        "type": "DVD-5",
        "size": 3.44,
        "unit": "Gb"
      }
    ],
    "chapters": true,
    "menu": true,
    "length": 2940,
    "video": [
      {
        "tvFormat": "NTSC",
        "ratio": "4:3",
        "resolution": "720x480",
        "bitrateType": "VBR",
        "bitrateKbps": null,
        "fps": "",
        "standard": "",
        "codec": "",
        "letterboxed": false
      }
    ],
    "audio": [
      {
        "language": "",
        "codec": "AC3",
        "rateHz": null,
        "bitrateKbps": null,
        "channels": 2
      }
    ],
    "sourceDetail": {
      "recordingType": "AMT",
      "sourceMediaType": "VHS",
      "finalMediaType": "",
      "fileFormat": "DVD"
    }
  },
  "relatedShows": [],
  "childOf": "",
  "images": [
    {
      "folder": "43",
      "filename": "18021814.jpg",
      "externalId": "1EJQQ89aUwEG_rRauHZ8u6A3CwztpmTNI"
    },
    {
      "folder": "43",
      "filename": "21637149.jpg",
      "externalId": "1SivYRYtQMcSRYhm5A7wz_qRXt73IMKFg"
    },
    {
      "folder": "43",
      "filename": "16585225.jpg",
      "externalId": "1Nun36Wbbg0A2XTg2A9PKpDCnR2loO6DW"
    },
    {
      "folder": "43",
      "filename": "50211130.jpg",
      "externalId": "1_j6rMRdgpAD1KkpM6FZzcUKJF7Zt0d6a"
    }
  ],
  "setlist": [
    {
      "order": 1,
      "song": "Intro",
      "feat": "",
      "note": "",
      "comment": "",
      "coverOf": ""
    },
    {
      "order": 2,
      "song": "Wake Up Dead",
      "feat": "",
      "note": "",
      "comment": "",
      "coverOf": ""
    },
    {
      "order": 3,
      "song": "The Conjuring",
      "feat": "",
      "note": "",
      "comment": "",
      "coverOf": ""
    },
    {
      "order": 4,
      "song": "Bad Omen",
      "feat": "",
      "note": "",
      "comment": "",
      "coverOf": ""
    },
    {
      "order": 5,
      "song": "Rattlehead",
      "feat": "",
      "note": "",
      "comment": "",
      "coverOf": ""
    },
    {
      "order": 6,
      "song": "Killing Is My Business... And Business Is Good!",
      "feat": "",
      "note": "",
      "comment": "",
      "coverOf": ""
    },
    {
      "order": 7,
      "song": "Looking Down The Cross",
      "feat": "",
      "note": "",
      "comment": "",
      "coverOf": ""
    },
    {
      "order": 8,
      "song": "My Last Words",
      "feat": "",
      "note": "",
      "comment": "",
      "coverOf": ""
    },
    {
      "order": 9,
      "song": "Peace Sells",
      "feat": "",
      "note": "",
      "comment": "",
      "coverOf": ""
    },
    {
      "order": 10,
      "song": "These Boots",
      "feat": "",
      "note": "",
      "comment": "",
      "coverOf": ""
    },
    {
      "order": 11,
      "song": "Mary Jane",
      "feat": "",
      "note": "",
      "comment": "",
      "coverOf": ""
    },
    {
      "order": 12,
      "song": "Devil's Island",
      "feat": "",
      "note": "",
      "comment": "",
      "coverOf": ""
    },
    {
      "order": 13,
      "song": "Mechanix",
      "feat": "",
      "note": "",
      "comment": "",
      "coverOf": ""
    },
    {
      "order": 14,
      "song": "Last Rites/Loved To Death",
      "feat": "",
      "note": "",
      "comment": "",
      "coverOf": ""
    },
    {
      "order": 15,
      "song": "Good Morning/Black Friday",
      "feat": "",
      "note": "",
      "comment": "",
      "coverOf": ""
    }
  ],
  "extras": []
}