{
  "originalTitle": "Metallica - 17.05.2009 - Cologne - Germany - Lanxess Arena (Source 2)",
  "created": 1748629086,
  "lastUpdated": 1748629086,
  "bands": [
    "Metallica"
  ],
  "startDate": {
    "day": "17",
    "month": "05",
    "year": "2009"
  },
  "startDateUnix": 1242518400,
  "endDate": {
    "day": "17",
    "month": "05",
    "year": "2009"
  },
  "endDateUnix": 1242518400,
  "location": {
    "city": "Cologne",
    "state": "",
    "country": "Germany",
    "venue": "Lanxess Arena",
    "event": ""
  },
  "tvChannel": "",
  "showName": "",
  "source": "Source 2",
  "category": [
    "video"
  ],
  "master": false,
  "public": true,
  "ownIdentifier": "HDD#D",
  "tradeLabel": "",
  "authoredBy": "",
  "transferredBy": "",
  "notes": "Occasion head obstructions and somewhat shaky at times. Filmed from the upper level.",
  "tapers": [
    "Franticfreak"
  ],
  "specs": {
    "media": [
      {
        "type": "BD-25",
        "size": 21.3,
        "unit": "Gb"
      }
    ],
    "chapters": true,
    "menu": true,
    "length": 8038,
    "video": [
      {
        "tvFormat": "",
        "ratio": "",
        "resolution": "1920x1080",
        "bitrateType": "",
        "bitrateKbps": null,
        "fps": "25",
        "standard": "MPEG4",
        "codec": "H264",
        "letterboxed": false
      }
    ],
    "audio": [
      {
        "language": "",
        "codec": "PCM",
        "rateHz": 48000,
        "bitrateKbps": 1536,
        "channels": 2
      }
    ],
    "sourceDetail": {
      "recordingType": "AMT",
      "sourceMediaType": "Digicam",
      "finalMediaType": "HD",
      "fileFormat": "M2TS"
    }
  },
  "relatedShows": [],
  "childOf": "",
  "images": [
    {
      "folder": "71",
      "filename": "83213129.jpg",
      "externalId": "1tG8X9THEY-aqNexZLiR87-WIqejf44VE"
    },
    {
      "folder": "71",
      "filename": "14319070.jpg",
      "externalId": "1sFXn4si9UV9GRgsUNsDhQmvs2XjOsGQW"
    },
    {
      "folder": "71",
      "filename": "09408154.jpg",
      "externalId": "1Mo3Yk3BM20X-yWPHJ8oKplgKz8nt83Z-"
    },
    {
      "folder": "71",
      "filename": "06447435.jpg",
      "externalId": "1NQdREm6S3CEta_D-GtzaUs0SDWq_JWEX"
    }
  ],
  "setlist": [
    {
      "order": 1,
      "song": "The Ecstasy Of Gold (Ennio Morricone song) (PA)",
      "feat": "",
      "note": "",
      "comment": "",
      "coverOf": ""
    },
    {
      "order": 2,
      "song": "That Was Just Your Life",
      "feat": "",
      "note": "",
      "comment": "",
      "coverOf": ""
    },
    {
      "order": 3,
      "song": "The End Of The Line",
      "feat": "",
      "note": "",
      "comment": "",
      "coverOf": ""
    },
    {
      "order": 4,
      "song": "...And Justice For All",
      "feat": "",
      "note": "",
      "comment": "",
      "coverOf": ""
    },
    {
      "order": 5,
      "song": "King Nothing",
      "feat": "",
      "note": "",
      "comment": "",
      "coverOf": ""
    },
    {
      "order": 6,
      "song": "Fade To Black",
      "feat": "",
      "note": "",
      "comment": "",
      "coverOf": ""
    },
    {
      "order": 7,
      "song": "Broken, Beat And Scarred",
      "feat": "",
      "note": "",
      "comment": "",
      "coverOf": ""
    },
    {
      "order": 8,
      "song": "My Apocalypse",
      "feat": "",
      "note": "",
      "comment": "",
      "coverOf": ""
    },
    {
      "order": 9,
      "song": "Sad But True",
      "feat": "",
      "note": "",
      "comment": "",
      "coverOf": ""
    },
    {
      "order": 10,
      "song": "One",
      "feat": "",
      "note": "",
      "comment": "",
      "coverOf": ""
    },
    {
      "order": 11,
      "song": "The Judas Kiss",
      "feat": "",
      "note": "",
      "comment": "",
      "coverOf": ""
    },
    {
      "order": 12,
      "song": "The Day That Never Comes",
      "feat": "",
      "note": "",
      "comment": "",
      "coverOf": ""
    },
    {
      "order": 13,
      "song": "Master Of Puppets",
      "feat": "",
      "note": "",
      "comment": "",
      "coverOf": ""
    },
    {
      "order": 14,
      "song": "Dyers Eve",
      "feat": "",
      "note": "",
      "comment": "",
      "coverOf": ""
    },
    {
      "order": 15,
      "song": "Nothing Else Matters",
      "feat": "",
      "note": "",
      "comment": "",
      "coverOf": ""
    },
    {
      "order": 16,
      "song": "Enter Sandman",
      "feat": "",
      "note": "",
      "comment": "",
      "coverOf": ""
    },
    {
      "order": 17,
      "song": "Overkill",
      "feat": "",
      "note": "",
      "comment": "",
      "coverOf": "Motorhead"
    },
    {
      "order": 18,
      "song": "Die, Die My Darling",
      "feat": "",
      "note": "",
      "comment": "",
      "coverOf": "Misfits"
    },
    {
      "order": 19,
      "song": "Seek And Destroy",
      "feat": "",
      "note": "",
      "comment": "",
      "coverOf": ""
    }
  ],
  "extras": []
}