{
  "originalTitle": "Metallica - 21.05.1999 - Nuernberg - Germany - Frankenstadion - Rock Im Park (Source 3)",
  "created": 1748629086,
  "lastUpdated": 1748629086,
  "bands": [
    "Metallica"
  ],
  "startDate": {
    "day": "21",
    "month": "05",
    "year": "1999"
  },
  "startDateUnix": 927244800,
  "endDate": {
    "day": "21",
    "month": "05",
    "year": "1999"
  },
  "endDateUnix": 927244800,
  "location": {
    "city": "Nuernberg",
    "state": "",
    "country": "Germany",
    "venue": "Frankenstadion",
    "event": "Rock Im Park"
  },
  "tvChannel": "",
  "showName": "",
  "source": "Source 3",
  "category": [
    "video"
  ],
  "master": false,
  "public": true,
  "ownIdentifier": "HDD#A",
  "tradeLabel": "",
  "authoredBy": "",
  "transferredBy": "",
  "notes": "",
  "tapers": [],
  "specs": {
    "media": [
      {
        "type": "DVD-5",
        "size": 912,
        "unit": "Mb"
      }
    ],
    "chapters": false,
    "menu": false,
    "length": 801,
    "video": [
      {
        "tvFormat": "PAL",
        "ratio": "4:3",
        "resolution": "720x576",
        "bitrateType": "VBR",
        "bitrateKbps": null,
        "fps": "",
        "standard": "",
        "codec": "",
        "letterboxed": false
      }
    ],
    "audio": [
      {
        "language": "",
        "codec": "LPCM",
        "rateHz": null,
        "bitrateKbps": null,
        "channels": 2
      }
    ],
    "sourceDetail": {
      "recordingType": "PRO",
      "sourceMediaType": "VHS",
      "finalMediaType": "",
      "fileFormat": "DVD"
    }
  },
  "relatedShows": [
    "metallica_25_10_1996_video",
    "metallica_29_08_1987_video"
  ],
  "childOf": "",
  "images": [
    {
      "folder": "74",
      "filename": "97250074.jpg",
      "externalId": "1zLJmgBCfZWocwzLXtyQa4cce15H-EH3q"
    },
    {
      "folder": "74",
      "filename": "45119737.jpg",
      "externalId": "1WOpHlpeKjKQP_YBjWOc0HDRAp4OUqFKe"
    },
    {
      "folder": "74",
      "filename": "49910672.jpg",
      "externalId": "11cUjKoGNPyU-c35iHCu2ZDCmTANTkSep"
    },
    {
      "folder": "74",
      "filename": "44080829.jpg",
      "externalId": "1AO9hcca40Q0foIiHmRJzHd7HRD_zSzTx"
    }
  ],
  "setlist": [
    {
      "order": 1,
      "song": "Enter Sandman",
      "feat": "",
      "note": "",
      "comment": "",
      "coverOf": ""
    },
    {
      "order": 2,
      "song": "Sad But True",
      "feat": "",
      "note": "",
      "comment": "",
      "coverOf": ""
    }
  ],
  "extras": []
}