{
  "originalTitle": "Metallica - 30.05.1993 - Stockholm - Sweden - Stockholms Stadion (Source 2)",
  "created": 1748629086,
  "lastUpdated": 1748629086,
  "bands": [
    "Metallica"
  ],
  "startDate": {
    "day": "30",
    "month": "05",
    "year": "1993"
  },
  "startDateUnix": 738720000,
  "endDate": {
    "day": "30",
    "month": "05",
    "year": "1993"
  },
  "endDateUnix": 738720000,
  "location": {
    "city": "Stockholm",
    "state": "",
    "country": "Sweden",
    "venue": "Stockholms Stadion",
    "event": ""
  },
  "tvChannel": "",
  "showName": "",
  "source": "Source 2",
  "category": [
    "video"
  ],
  "master": false,
  "public": true,
  "ownIdentifier": "HDD#O",
  "tradeLabel": "",
  "authoredBy": "",
  "transferredBy": "",
  "notes": "2nd source. Filmed from the left side.",
  "tapers": [
    "Metallican"
  ],
  "specs": {
    "media": [
      {
        "type": "DVD-5",
        "size": 4.13,
        "unit": "Gb"
      },
      {
        "type": "DVD-5",
        "size": 3.96,
        "unit": "Gb"
      }
    ],
    "chapters": true,
    "menu": true,
    "length": 9292,
    "video": [
      {
        "tvFormat": "PAL",
        "ratio": "4:3",
        "resolution": "720x576",
        "bitrateType": "VBR",
        "bitrateKbps": null,
        "fps": "",
        "standard": "",
        "codec": "",
        "letterboxed": false
      }
    ],
    "audio": [
      {
        "language": "",
        "codec": "AC3",
        "rateHz": null,
        "bitrateKbps": null,
        "channels": 2
      }
    ],
    "sourceDetail": {
      "recordingType": "AMT",
      "sourceMediaType": "VHS",
      "finalMediaType": "",
      "fileFormat": "DVD"
    }
  },
  "relatedShows": [],
  "childOf": "",
  "images": [
    {
      "folder": "1",
      "filename": "11183.jpg",
      "externalId": "1gPEbS6LeIvmLEBGeExgrUuvDOncmBheu"
    },
    {
      "folder": "1",
      "filename": "02564.jpg",
      "externalId": "1aWgouMA0in5ez_e7Jn48uVEr0gBHRVul"
    },
    {
      "folder": "1",
      "filename": "15948.jpg",
      "externalId": "1DNlwYW5kz2NIE02zTrlNCvzEgeNweftn"
    },
    {
      "folder": "1",
      "filename": "31107.jpg",
      "externalId": "1be2LZcjWeuJ4Wme1vi-qkhgN7gO7F89R"
    }
  ],
  "setlist": [
    {
      "order": 1,
      "song": "The Ecstasy Of Gold (Ennio Morricone song) (PA)",
      "feat": "",
      "note": "",
      "comment": "",
      "coverOf": ""
    },
    {
      "order": 2,
      "song": "Creeping Death",
      "feat": "",
      "note": "",
      "comment": "",
      "coverOf": ""
    },
    {
      "order": 3,
      "song": "Harvester Of Sorrow",
      "feat": "",
      "note": "",
      "comment": "",
      "coverOf": ""
    },
    {
      "order": 4,
      "song": "Welcome Home (Sanitarium)",
      "feat": "",
      "note": "",
      "comment": "",
      "coverOf": ""
    },
    {
      "order": 5,
      "song": "Of Wolf And Man",
      "feat": "",
      "note": "",
      "comment": "",
      "coverOf": ""
    },
    {
      "order": 6,
      "song": "Wherever I May Roam",
      "feat": "",
      "note": "",
      "comment": "",
      "coverOf": ""
    },
    {
      "order": 7,
      "song": "The Thing That Should Not Be",
      "feat": "",
      "note": "",
      "comment": "",
      "coverOf": ""
    },
    {
      "order": 8,
      "song": "The Unforgiven",
      "feat": "",
      "note": "",
      "comment": "",
      "coverOf": ""
    },
    {
      "order": 9,
      "song": "Disposable Heroes",
      "feat": "",
      "note": "",
      "comment": "",
      "coverOf": ""
    },
    {
      "order": 10,
      "song": "Bass Solo",
      "feat": "",
      "note": "",
      "comment": "",
      "coverOf": ""
    },
    {
      "order": 11,
      "song": "Orion / To Live Is To Die / The Call Of Ktulu",
      "feat": "",
      "note": "",
      "comment": "",
      "coverOf": ""
    },
    {
      "order": 12,
      "song": "Guitar Solo",
      "feat": "",
      "note": "",
      "comment": "",
      "coverOf": ""
    },
    {
      "order": 13,
      "song": "The Four Horsemen",
      "feat": "",
      "note": "",
      "comment": "",
      "coverOf": ""
    },
    {
      "order": 14,
      "song": "For Whom The Bell Tolls",
      "feat": "",
      "note": "",
      "comment": "",
      "coverOf": ""
    },
    {
      "order": 15,
      "song": "Fade To Black",
      "feat": "",
      "note": "",
      "comment": "",
      "coverOf": ""
    },
    {
      "order": 16,
      "song": "Master Of Puppets",
      "feat": "",
      "note": "",
      "comment": "",
      "coverOf": ""
    },
    {
      "order": 17,
      "song": "Seek And Destroy",
      "feat": "",
      "note": "",
      "comment": "",
      "coverOf": ""
    },
    {
      "order": 18,
      "song": "Battery",
      "feat": "",
      "note": "",
      "comment": "",
      "coverOf": ""
    },
    {
      "order": 19,
      "song": "Nothing Else Matters",
      "feat": "",
      "note": "",
      "comment": "",
      "coverOf": ""
    },
    {
      "order": 20,
      "song": "Sad But True",
      "feat": "",
      "note": "",
      "comment": "",
      "coverOf": ""
    },
    {
      "order": 21,
      "song": "Last Caress",
      "feat": "",
      "note": "",
      "comment": "",
      "coverOf": "Misfits"
    },
    {
      "order": 22,
      "song": "One",
      "feat": "",
      "note": "",
      "comment": "",
      "coverOf": ""
    },
    {
      "order": 23,
      "song": "Enter Sandman",
      "feat": "",
      "note": "",
      "comment": "",
      "coverOf": ""
    },
    {
      "order": 24,
      "song": "So What",
      "feat": "",
      "note": "",
      "comment": "",
      "coverOf": "Anti-Nowhere League"
    }
  ],
  "extras": []
}