{
  "originalTitle": "Metallica - 07.07.1996 - Quebec City - QC - Canada - Hippodrome (Source 1)",
  "created": 1748629086,
  "lastUpdated": 1748629086,
  "bands": [
    "Metallica"
  ],
  "startDate": {
    "day": "07",
    "month": "07",
    "year": "1996"
  },
  "startDateUnix": 836697600,
  "endDate": {
    "day": "07",
    "month": "07",
    "year": "1996"
  },
  "endDateUnix": 836697600,
  "location": {
    "city": "Quebec City",
    "state": "QC",
    "country": "Canada",
    "venue": "Hippodrome",
    "event": ""
  },
  "tvChannel": "",
  "showName": "",
  "source": "Source 1",
  "category": [
    "video"
  ],
  "master": false,
  "public": true,
  "ownIdentifier": "HDD#O",
  "tradeLabel": "",
  "authoredBy": "",
  "transferredBy": "",
  "notes": "Decent show, but a lot of obstructions.",
  "tapers": [
    "ytsiejim"
  ],
  "specs": {
    "media": [
      {
        "type": "DVD-5",
        "size": 3.34,
        "unit": "Gb"
      },
      {
        "type": "DVD-5",
        "size": 2.56,
        "unit": "Gb"
      }
    ],
    "chapters": true,
    "menu": true,
    "length": 5996,
    "video": [
      {
        "tvFormat": "NTSC",
        "ratio": "4:3",
        "resolution": "704x480",
        "bitrateType": "VBR",
        "bitrateKbps": null,
        "fps": "",
        "standard": "",
        "codec": "",
        "letterboxed": false
      }
    ],
    "audio": [
      {
        "language": "",
        "codec": "AC3",
        "rateHz": null,
        "bitrateKbps": null,
        "channels": 2
      }
    ],
    "sourceDetail": {
      "recordingType": "AMT",
      "sourceMediaType": "VHS",
      "finalMediaType": "",
      "fileFormat": "DVD"
    }
  },
  "relatedShows": [],
  "childOf": "",
  "images": [
    {
      "folder": "1",
      "filename": "15567.jpg",
      "externalId": "1uPeyHSWcte8po1QVdRedhCLoCxcN12Dm"
    },
    {
      "folder": "1",
      "filename": "78905.jpg",
      "externalId": "12WQ7xSOdmC9_P_Bq-hS8hgBrSdu2EXZO"
    },
    {
      "folder": "1",
      "filename": "00261.jpg",
      "externalId": "1-DDxXTBoLRSuj0dpVjURokRiN-iYoJKm"
    },
    {
      "folder": "1",
      "filename": "72633.jpg",
      "externalId": "1Btl__FEZ2B3Mgf5ccKz3WEvAJFOUgGOT"
    }
  ],
  "setlist": [
    {
      "order": 1,
      "song": "So What",
      "feat": "",
      "note": "",
      "comment": "",
      "coverOf": "Anti-Nowhere League"
    },
    {
      "order": 2,
      "song": "Creeping Death",
      "feat": "",
      "note": "",
      "comment": "",
      "coverOf": ""
    },
    {
      "order": 3,
      "song": "Sad But True",
      "feat": "",
      "note": "",
      "comment": "",
      "coverOf": ""
    },
    {
      "order": 4,
      "song": "Ain't My Bitch",
      "feat": "",
      "note": "",
      "comment": "",
      "coverOf": ""
    },
    {
      "order": 5,
      "song": "Whiplash",
      "feat": "",
      "note": "",
      "comment": "",
      "coverOf": ""
    },
    {
      "order": 6,
      "song": "Fade To Black",
      "feat": "",
      "note": "",
      "comment": "",
      "coverOf": ""
    },
    {
      "order": 7,
      "song": "King Nothing",
      "feat": "",
      "note": "",
      "comment": "",
      "coverOf": ""
    },
    {
      "order": 8,
      "song": "One",
      "feat": "",
      "note": "",
      "comment": "",
      "coverOf": ""
    },
    {
      "order": 9,
      "song": "Until It Sleeps",
      "feat": "",
      "note": "",
      "comment": "",
      "coverOf": ""
    },
    {
      "order": 10,
      "song": "For Whom The Bell Tolls",
      "feat": "",
      "note": "",
      "comment": "",
      "coverOf": ""
    },
    {
      "order": 11,
      "song": "Wherever I May Roam",
      "feat": "",
      "note": "",
      "comment": "",
      "coverOf": ""
    },
    {
      "order": 12,
      "song": "Nothing Else Matters",
      "feat": "",
      "note": "",
      "comment": "",
      "coverOf": ""
    },
    {
      "order": 13,
      "song": "Enter Sandman",
      "feat": "",
      "note": "",
      "comment": "",
      "coverOf": ""
    },
    {
      "order": 14,
      "song": "Last Caress",
      "feat": "",
      "note": "",
      "comment": "",
      "coverOf": "Misfits"
    },
    {
      "order": 15,
      "song": "Master Of Puppets",
      "feat": "",
      "note": "",
      "comment": "",
      "coverOf": ""
    },
    {
      "order": 16,
      "song": "Overkill",
      "feat": "",
      "note": "",
      "comment": "",
      "coverOf": "Motorhead"
    },
    {
      "order": 17,
      "song": "Motorbreath",
      "feat": "",
      "note": "",
      "comment": "",
      "coverOf": ""
    }
  ],
  "extras": []
}