{
  "originalTitle": "Metallica - 16.05.2009 - Oberhausen - Germany - Konig-Pilsener-Arena (Source 1)",
  "created": 1748629086,
  "lastUpdated": 1748629086,
  "bands": [
    "Metallica"
  ],
  "startDate": {
    "day": "16",
    "month": "05",
    "year": "2009"
  },
  "startDateUnix": 1242432000,
  "endDate": {
    "day": "16",
    "month": "05",
    "year": "2009"
  },
  "endDateUnix": 1242432000,
  "location": {
    "city": "Oberhausen",
    "state": "",
    "country": "Germany",
    "venue": "Konig-Pilsener-Arena",
    "event": ""
  },
  "tvChannel": "",
  "showName": "",
  "source": "Source 1",
  "category": [
    "video"
  ],
  "master": false,
  "public": true,
  "ownIdentifier": "HDD#D",
  "tradeLabel": "",
  "authoredBy": "",
  "transferredBy": "",
  "notes": "A few obstructions at times, but with some amazing closeups.",
  "tapers": [
    "Franticfreak"
  ],
  "specs": {
    "media": [
      {
        "type": "BD-25",
        "size": 21.4,
        "unit": "Gb"
      }
    ],
    "chapters": true,
    "menu": true,
    "length": 8117,
    "video": [
      {
        "tvFormat": "",
        "ratio": "",
        "resolution": "1920x1080",
        "bitrateType": "",
        "bitrateKbps": null,
        "fps": "25",
        "standard": "MPEG4",
        "codec": "H264",
        "letterboxed": false
      }
    ],
    "audio": [
      {
        "language": "",
        "codec": "PCM",
        "rateHz": 48000,
        "bitrateKbps": 1536,
        "channels": 2
      }
    ],
    "sourceDetail": {
      "recordingType": "AMT",
      "sourceMediaType": "Digicam",
      "finalMediaType": "HD",
      "fileFormat": "M2TS"
    }
  },
  "relatedShows": [],
  "childOf": "",
  "images": [
    {
      "folder": "42",
      "filename": "79473396.jpg",
      "externalId": "1-1oaP5cag5Ymf19Yo70Y0lx3jyEhKpOJ"
    },
    {
      "folder": "42",
      "filename": "33397447.jpg",
      "externalId": "1s8cd9FuDFwVrn2B_qsYRyjn7GfKaPSQn"
    },
    {
      "folder": "42",
      "filename": "71766381.jpg",
      "externalId": "1dt9mMmkCDJQmthREhiA3IFWEna-dwjPM"
    },
    {
      "folder": "42",
      "filename": "38400926.jpg",
      "externalId": "1-mNQlP7xSVc-yLxIjSoq8-6vkNySDQ1D"
    }
  ],
  "setlist": [
    {
      "order": 1,
      "song": "The Ecstasy Of Gold (Ennio Morricone song) (PA)",
      "feat": "",
      "note": "",
      "comment": "",
      "coverOf": ""
    },
    {
      "order": 2,
      "song": "That Was Just Your Life",
      "feat": "",
      "note": "",
      "comment": "",
      "coverOf": ""
    },
    {
      "order": 3,
      "song": "The End Of The Line",
      "feat": "",
      "note": "",
      "comment": "",
      "coverOf": ""
    },
    {
      "order": 4,
      "song": "For Whom The Bell Tolls",
      "feat": "",
      "note": "",
      "comment": "",
      "coverOf": ""
    },
    {
      "order": 5,
      "song": "Disposable Heroes",
      "feat": "",
      "note": "",
      "comment": "",
      "coverOf": ""
    },
    {
      "order": 6,
      "song": "One",
      "feat": "",
      "note": "",
      "comment": "",
      "coverOf": ""
    },
    {
      "order": 7,
      "song": "Broken, Beat And Scarred",
      "feat": "",
      "note": "",
      "comment": "",
      "coverOf": ""
    },
    {
      "order": 8,
      "song": "Cyanide",
      "feat": "",
      "note": "",
      "comment": "",
      "coverOf": ""
    },
    {
      "order": 9,
      "song": "Sad But True",
      "feat": "",
      "note": "",
      "comment": "",
      "coverOf": ""
    },
    {
      "order": 10,
      "song": "Bleeding Me",
      "feat": "",
      "note": "",
      "comment": "",
      "coverOf": ""
    },
    {
      "order": 11,
      "song": "All Nightmare Long",
      "feat": "",
      "note": "",
      "comment": "",
      "coverOf": ""
    },
    {
      "order": 12,
      "song": "The Day That Never Comes",
      "feat": "",
      "note": "",
      "comment": "",
      "coverOf": ""
    },
    {
      "order": 13,
      "song": "Master Of Puppets",
      "feat": "",
      "note": "",
      "comment": "",
      "coverOf": ""
    },
    {
      "order": 14,
      "song": "Damage, Inc.",
      "feat": "",
      "note": "",
      "comment": "",
      "coverOf": ""
    },
    {
      "order": 15,
      "song": "Nothing Else Matters",
      "feat": "",
      "note": "",
      "comment": "",
      "coverOf": ""
    },
    {
      "order": 16,
      "song": "Enter Sandman",
      "feat": "",
      "note": "",
      "comment": "",
      "coverOf": ""
    },
    {
      "order": 17,
      "song": "Am I Evil?",
      "feat": "",
      "note": "",
      "comment": "",
      "coverOf": "Diamond Head"
    },
    {
      "order": 18,
      "song": "Hit The Lights",
      "feat": "",
      "note": "",
      "comment": "",
      "coverOf": ""
    },
    {
      "order": 19,
      "song": "Seek And Destroy",
      "feat": "",
      "note": "",
      "comment": "",
      "coverOf": ""
    }
  ],
  "extras": []
}