{
  "originalTitle": "Metallica - 12.04.1992 - Binghamton - NY - USA - Broome County Veterans Memorial Arena",
  "created": 1748629086,
  "lastUpdated": 1748629086,
  "bands": [
    "Metallica"
  ],
  "startDate": {
    "day": "12",
    "month": "04",
    "year": "1992"
  },
  "startDateUnix": 703036800,
  "endDate": {
    "day": "12",
    "month": "04",
    "year": "1992"
  },
  "endDateUnix": 703036800,
  "location": {
    "city": "Binghamton",
    "state": "NY",
    "country": "USA",
    "venue": "Broome County Veterans Memorial Arena",
    "event": ""
  },
  "tvChannel": "",
  "showName": "",
  "source": "",
  "category": [
    "video"
  ],
  "master": false,
  "public": true,
  "ownIdentifier": "HDD#D",
  "tradeLabel": "",
  "authoredBy": "",
  "transferredBy": "",
  "notes": "Crystal clear video, crisp and loud audio.",
  "tapers": [
    "NYBG"
  ],
  "specs": {
    "media": [
      {
        "type": "DVD-5",
        "size": 3.42,
        "unit": "Gb"
      },
      {
        "type": "DVD-5",
        "size": 3.08,
        "unit": "Gb"
      },
      {
        "type": "DVD-5",
        "size": 3.66,
        "unit": "Gb"
      },
      {
        "type": "DVD-5",
        "size": 3.27,
        "unit": "Gb"
      }
    ],
    "chapters": true,
    "menu": true,
    "length": 12092,
    "video": [
      {
        "tvFormat": "NTSC",
        "ratio": "4:3",
        "resolution": "720x480",
        "bitrateType": "VBR",
        "bitrateKbps": null,
        "fps": "",
        "standard": "",
        "codec": "",
        "letterboxed": false
      }
    ],
    "audio": [
      {
        "language": "",
        "codec": "AC3",
        "rateHz": null,
        "bitrateKbps": null,
        "channels": 2
      }
    ],
    "sourceDetail": {
      "recordingType": "AMT",
      "sourceMediaType": "VHS",
      "finalMediaType": "",
      "fileFormat": "DVD"
    }
  },
  "relatedShows": [],
  "childOf": "",
  "images": [
    {
      "folder": "1",
      "filename": "40781.jpg",
      "externalId": "1-rtxjtgsmDcsPZuSdy2XV6Oyb6sUSLFn"
    },
    {
      "folder": "1",
      "filename": "14073.jpg",
      "externalId": "1I5jtyr0xQ_bMun5LIM29wMW_vjIVX4Xc"
    },
    {
      "folder": "1",
      "filename": "28073.jpg",
      "externalId": "16aCNUEEAJ5c8J5x-2WqVJciVHUAwQ9Ke"
    },
    {
      "folder": "1",
      "filename": "36703.jpg",
      "externalId": "1dSvZBweMr9P5TkxQVvK3D3bl5GL9zwxy"
    }
  ],
  "setlist": [
    {
      "order": 1,
      "song": "Metallimovie",
      "feat": "",
      "note": "",
      "comment": "",
      "coverOf": ""
    },
    {
      "order": 2,
      "song": "The Ecstasy Of Gold",
      "feat": "",
      "note": "",
      "comment": "",
      "coverOf": ""
    },
    {
      "order": 3,
      "song": "Enter Sandman",
      "feat": "",
      "note": "",
      "comment": "",
      "coverOf": ""
    },
    {
      "order": 4,
      "song": "Creeping Death",
      "feat": "",
      "note": "",
      "comment": "",
      "coverOf": ""
    },
    {
      "order": 5,
      "song": "Harvester Of Sorrow",
      "feat": "",
      "note": "",
      "comment": "",
      "coverOf": ""
    },
    {
      "order": 6,
      "song": "Welcome Home (Sanitarium)",
      "feat": "",
      "note": "",
      "comment": "",
      "coverOf": ""
    },
    {
      "order": 7,
      "song": "Sad But True",
      "feat": "",
      "note": "",
      "comment": "",
      "coverOf": ""
    },
    {
      "order": 8,
      "song": "Wherever I May Roam",
      "feat": "",
      "note": "",
      "comment": "",
      "coverOf": ""
    },
    {
      "order": 9,
      "song": "Bass Solo",
      "feat": "",
      "note": "",
      "comment": "",
      "coverOf": ""
    },
    {
      "order": 10,
      "song": "Through The Never",
      "feat": "",
      "note": "",
      "comment": "",
      "coverOf": ""
    },
    {
      "order": 11,
      "song": "The Unforgiven",
      "feat": "",
      "note": "",
      "comment": "",
      "coverOf": ""
    },
    {
      "order": 12,
      "song": "Justice Medley",
      "feat": "",
      "note": "",
      "comment": "",
      "coverOf": ""
    },
    {
      "order": 13,
      "song": "Drum Solo",
      "feat": "",
      "note": "",
      "comment": "",
      "coverOf": ""
    },
    {
      "order": 14,
      "song": "Guitar Solo",
      "feat": "",
      "note": "",
      "comment": "",
      "coverOf": ""
    },
    {
      "order": 15,
      "song": "Nothing Else Matters",
      "feat": "",
      "note": "",
      "comment": "",
      "coverOf": ""
    },
    {
      "order": 16,
      "song": "For Whom The Bell Tolls",
      "feat": "",
      "note": "",
      "comment": "",
      "coverOf": ""
    },
    {
      "order": 17,
      "song": "Fade To Black",
      "feat": "",
      "note": "",
      "comment": "",
      "coverOf": ""
    },
    {
      "order": 18,
      "song": "Whiplash",
      "feat": "",
      "note": "",
      "comment": "",
      "coverOf": ""
    },
    {
      "order": 19,
      "song": "Master Of Puppets",
      "feat": "",
      "note": "",
      "comment": "",
      "coverOf": ""
    },
    {
      "order": 20,
      "song": "Seek & Destroy",
      "feat": "",
      "note": "",
      "comment": "",
      "coverOf": ""
    },
    {
      "order": 21,
      "song": "One",
      "feat": "",
      "note": "",
      "comment": "",
      "coverOf": ""
    },
    {
      "order": 22,
      "song": "Last Caress",
      "feat": "",
      "note": "",
      "comment": "",
      "coverOf": ""
    },
    {
      "order": 23,
      "song": "Am I Evil?",
      "feat": "",
      "note": "",
      "comment": "",
      "coverOf": ""
    },
    {
      "order": 24,
      "song": "Jam",
      "feat": "",
      "note": "",
      "comment": "",
      "coverOf": ""
    },
    {
      "order": 25,
      "song": "Battery",
      "feat": "",
      "note": "",
      "comment": "",
      "coverOf": ""
    },
    {
      "order": 26,
      "song": "Stone Cold Crazy",
      "feat": "",
      "note": "",
      "comment": "",
      "coverOf": ""
    }
  ],
  "extras": []
}