{
  "originalTitle": "Metallica - 23.11.1998 - Philadelphia - PA - USA - Electric Factory",
  "created": 1748629086,
  "lastUpdated": 1748629086,
  "bands": [
    "Metallica"
  ],
  "startDate": {
    "day": "23",
    "month": "11",
    "year": "1998"
  },
  "startDateUnix": 911779200,
  "endDate": {
    "day": "23",
    "month": "11",
    "year": "1998"
  },
  "endDateUnix": 911779200,
  "location": {
    "city": "Philadelphia",
    "state": "PA",
    "country": "USA",
    "venue": "Electric Factory",
    "event": ""
  },
  "tvChannel": "",
  "showName": "",
  "source": "",
  "category": [
    "video"
  ],
  "master": false,
  "public": true,
  "ownIdentifier": "HDD#O",
  "tradeLabel": "",
  "authoredBy": "",
  "transferredBy": "",
  "notes": "",
  "tapers": [],
  "specs": {
    "media": [
      {
        "type": "DVD-5",
        "size": 3.16,
        "unit": "Gb"
      },
      {
        "type": "DVD-5",
        "size": 3.22,
        "unit": "Gb"
      }
    ],
    "chapters": true,
    "menu": true,
    "length": 5726,
    "video": [
      {
        "tvFormat": "NTSC",
        "ratio": "4:3",
        "resolution": "720x480",
        "bitrateType": "VBR",
        "bitrateKbps": null,
        "fps": "",
        "standard": "",
        "codec": "",
        "letterboxed": false
      }
    ],
    "audio": [
      {
        "language": "",
        "codec": "AC3",
        "rateHz": null,
        "bitrateKbps": null,
        "channels": 2
      }
    ],
    "sourceDetail": {
      "recordingType": "AMT",
      "sourceMediaType": "VHS",
      "finalMediaType": "",
      "fileFormat": "DVD"
    }
  },
  "relatedShows": [],
  "childOf": "",
  "images": [
    {
      "folder": "1",
      "filename": "63047.jpg",
      "externalId": "1N3BKD9tAPRqU-wSvpXR16Eet1Q-YX_Zo"
    },
    {
      "folder": "1",
      "filename": "45822.jpg",
      "externalId": "126dn_Zy9U4lYJ8NuFmFnXPJ-LewWbk5g"
    },
    {
      "folder": "1",
      "filename": "82057.jpg",
      "externalId": "1raBZXVUWMItgqi0azJQ7imfk1aPRrwOM"
    },
    {
      "folder": "1",
      "filename": "74108.jpg",
      "externalId": "1MuGzzrtTwvVfvm8F8-y8gi0748WilrMD"
    },
    {
      "folder": "1",
      "filename": "65539.jpg",
      "externalId": "1Nikhrp2F2oZVIXGe3x-ZCgXKWQYLiUWN"
    },
    {
      "folder": "1",
      "filename": "20804.jpg",
      "externalId": "1bvtJ9k3Z5afgdAEaq3uTC9MKkmPxFmlY"
    },
    {
      "folder": "1",
      "filename": "02410.jpg",
      "externalId": "1EHHvkSvYRLPa4EJNE5TMiM-grX2nq8xE"
    },
    {
      "folder": "1",
      "filename": "47918.jpg",
      "externalId": "19ZxtDCdQcU8cAXkYhvvK66h7u3yAVKyK"
    }
  ],
  "setlist": [
    {
      "order": 1,
      "song": "Die, Die My Darling",
      "feat": "",
      "note": "",
      "comment": "",
      "coverOf": "Misfits"
    },
    {
      "order": 2,
      "song": "Blitzkrieg",
      "feat": "",
      "note": "",
      "comment": "",
      "coverOf": "Blitzkrieg"
    },
    {
      "order": 3,
      "song": "The Small Hours",
      "feat": "",
      "note": "",
      "comment": "",
      "coverOf": "Holocaust"
    },
    {
      "order": 4,
      "song": "The Prince",
      "feat": "",
      "note": "",
      "comment": "",
      "coverOf": "Diamond Head"
    },
    {
      "order": 5,
      "song": "Sabbra Cadabra",
      "feat": "",
      "note": "",
      "comment": "",
      "coverOf": "Black Sabbath"
    },
    {
      "order": 6,
      "song": "Whiskey In The Jar",
      "feat": "",
      "note": "",
      "comment": "",
      "coverOf": "traditional"
    },
    {
      "order": 7,
      "song": "Stone Cold Crazy",
      "feat": "",
      "note": "",
      "comment": "",
      "coverOf": "Queen"
    },
    {
      "order": 8,
      "song": "Mercyful Fate",
      "feat": "",
      "note": "",
      "comment": "",
      "coverOf": "Mercyful Fate"
    },
    {
      "order": 9,
      "song": "Turn The Page",
      "feat": "",
      "note": "",
      "comment": "",
      "coverOf": "Bob Seger"
    },
    {
      "order": 10,
      "song": "Am I Evil?",
      "feat": "",
      "note": "",
      "comment": "",
      "coverOf": "Diamond Head"
    },
    {
      "order": 11,
      "song": "So What",
      "feat": "",
      "note": "",
      "comment": "",
      "coverOf": "Anti-Nowhere League"
    },
    {
      "order": 12,
      "song": "Killing Time",
      "feat": "",
      "note": "",
      "comment": "",
      "coverOf": "Sweet Savage"
    },
    {
      "order": 13,
      "song": "The Wait",
      "feat": "",
      "note": "",
      "comment": "",
      "coverOf": "Killing Joke"
    },
    {
      "order": 14,
      "song": "Last Caress",
      "feat": "",
      "note": "",
      "comment": "",
      "coverOf": "Misfits"
    },
    {
      "order": 15,
      "song": "Green Hell",
      "feat": "",
      "note": "",
      "comment": "",
      "coverOf": "Misfits"
    },
    {
      "order": 16,
      "song": "Breadfan",
      "feat": "",
      "note": "",
      "comment": "",
      "coverOf": "Budgie"
    },
    {
      "order": 17,
      "song": "Overkill",
      "feat": "",
      "note": "",
      "comment": "",
      "coverOf": "Motorhead"
    },
    {
      "order": 1,
      "song": "Outside The Stadium Footage",
      "feat": "",
      "note": "",
      "comment": "",
      "coverOf": ""
    },
    {
      "order": 2,
      "song": "Ecstasy of Gold",
      "feat": "",
      "note": "",
      "comment": "",
      "coverOf": ""
    },
    {
      "order": 3,
      "song": "Blackened",
      "feat": "",
      "note": "",
      "comment": "",
      "coverOf": ""
    },
    {
      "order": 4,
      "song": "Fuel",
      "feat": "",
      "note": "",
      "comment": "",
      "coverOf": ""
    },
    {
      "order": 5,
      "song": "Four Horsemen",
      "feat": "",
      "note": "",
      "comment": "",
      "coverOf": ""
    },
    {
      "order": 6,
      "song": "Kirk Doodle",
      "feat": "",
      "note": "",
      "comment": "",
      "coverOf": ""
    },
    {
      "order": 7,
      "song": "Fade To Black",
      "feat": "",
      "note": "",
      "comment": "",
      "coverOf": ""
    },
    {
      "order": 8,
      "song": "No Leaf Clover",
      "feat": "",
      "note": "",
      "comment": "",
      "coverOf": ""
    },
    {
      "order": 9,
      "song": "Sad But True",
      "feat": "",
      "note": "",
      "comment": "",
      "coverOf": ""
    },
    {
      "order": 10,
      "song": "Creeping Death",
      "feat": "",
      "note": "",
      "comment": "",
      "coverOf": ""
    },
    {
      "order": 11,
      "song": "Battery",
      "feat": "",
      "note": "",
      "comment": "",
      "coverOf": ""
    },
    {
      "order": 12,
      "song": "Wherever I May Roam",
      "feat": "",
      "note": "",
      "comment": "",
      "coverOf": ""
    },
    {
      "order": 13,
      "song": "Melbourne",
      "feat": "",
      "note": "",
      "comment": "",
      "coverOf": ""
    },
    {
      "order": 14,
      "song": "Nothing Else Matters",
      "feat": "",
      "note": "",
      "comment": "",
      "coverOf": ""
    },
    {
      "order": 15,
      "song": "Master of Puppets",
      "feat": "",
      "note": "",
      "comment": "",
      "coverOf": ""
    },
    {
      "order": 16,
      "song": "One",
      "feat": "",
      "note": "",
      "comment": "",
      "coverOf": ""
    },
    {
      "order": 17,
      "song": "Enter Sandman",
      "feat": "",
      "note": "",
      "comment": "",
      "coverOf": ""
    },
    {
      "order": 18,
      "song": "Dyers Eve",
      "feat": "",
      "note": "",
      "comment": "",
      "coverOf": ""
    },
    {
      "order": 19,
      "song": "Seek And Destroy",
      "feat": "",
      "note": "",
      "comment": "",
      "coverOf": ""
    }
  ],
  "extras": []
}