{
  "originalTitle": "Metallica - 23.06.2000 - Seattle - WA - USA - Memorial Stadium (Source 2)",
  "created": 1748629086,
  "lastUpdated": 1748629086,
  "bands": [
    "Metallica"
  ],
  "startDate": {
    "day": "23",
    "month": "06",
    "year": "2000"
  },
  "startDateUnix": 961718400,
  "endDate": {
    "day": "23",
    "month": "06",
    "year": "2000"
  },
  "endDateUnix": 961718400,
  "location": {
    "city": "Seattle",
    "state": "WA",
    "country": "USA",
    "venue": "Memorial Stadium",
    "event": ""
  },
  "tvChannel": "",
  "showName": "",
  "source": "Source 2",
  "category": [
    "video"
  ],
  "master": false,
  "public": true,
  "ownIdentifier": "HDD#C",
  "tradeLabel": "",
  "authoredBy": "",
  "transferredBy": "",
  "notes": "Much Music broadcast.",
  "tapers": [],
  "specs": {
    "media": [
      {
        "type": "DVD-5",
        "size": 1.06,
        "unit": "Gb"
      }
    ],
    "chapters": true,
    "menu": true,
    "length": 921,
    "video": [
      {
        "tvFormat": "NTSC",
        "ratio": "4:3",
        "resolution": "704x480",
        "bitrateType": "VBR",
        "bitrateKbps": null,
        "fps": "",
        "standard": "",
        "codec": "",
        "letterboxed": false
      }
    ],
    "audio": [
      {
        "language": "en",
        "codec": "AC3",
        "rateHz": null,
        "bitrateKbps": null,
        "channels": 2
      }
    ],
    "sourceDetail": {
      "recordingType": "PRO",
      "sourceMediaType": "VHS",
      "finalMediaType": "",
      "fileFormat": "DVD"
    }
  },
  "relatedShows": [],
  "childOf": "",
  "images": [
    {
      "folder": "42",
      "filename": "12978702.jpg",
      "externalId": "1KLsNblVNkci7Ly2tZirOcoczsbioFvOM"
    },
    {
      "folder": "42",
      "filename": "77101855.jpg",
      "externalId": "1pJO2iJcNq01BFKYHH-Wbitq8bchbl5GD"
    },
    {
      "folder": "42",
      "filename": "42381410.jpg",
      "externalId": "1HDr0T0I0dmeqBpbu7bJK0tOgss-2BGDq"
    },
    {
      "folder": "42",
      "filename": "47176132.jpg",
      "externalId": "1GxgQnQNf5UCOzeVcOjd8Dd4HlSTUhnu6"
    }
  ],
  "setlist": [
    {
      "order": 1,
      "song": "Enter Sandman",
      "feat": "",
      "note": "",
      "comment": "",
      "coverOf": ""
    },
    {
      "order": 2,
      "song": "Nothing Else Matters",
      "feat": "",
      "note": "",
      "comment": "",
      "coverOf": ""
    },
    {
      "order": 3,
      "song": "Battery",
      "feat": "",
      "note": "",
      "comment": "",
      "coverOf": ""
    }
  ],
  "extras": []
}