{
  "originalTitle": "Metallica - 08.06.2019 - Slane - Ireland - Slane Castle - Slane Festival",
  "created": 1748629086,
  "lastUpdated": 1748629086,
  "bands": [
    "Metallica"
  ],
  "startDate": {
    "day": "08",
    "month": "06",
    "year": "2019"
  },
  "startDateUnix": 1559952000,
  "endDate": {
    "day": "08",
    "month": "06",
    "year": "2019"
  },
  "endDateUnix": 1559952000,
  "location": {
    "city": "Slane",
    "state": "",
    "country": "Ireland",
    "venue": "Slane Castle",
    "event": "Slane Festival"
  },
  "tvChannel": "",
  "showName": "",
  "source": "",
  "category": [
    "video"
  ],
  "master": false,
  "public": true,
  "ownIdentifier": "HDD#D",
  "tradeLabel": "",
  "authoredBy": "",
  "transferredBy": "",
  "notes": "YouTube RIP.",
  "tapers": [],
  "specs": {
    "media": [
      {
        "type": "DVD-5",
        "size": 4.22,
        "unit": "Gb"
      }
    ],
    "chapters": false,
    "menu": false,
    "length": 8890,
    "video": [
      {
        "tvFormat": "",
        "ratio": "",
        "resolution": "1920x1080",
        "bitrateType": "",
        "bitrateKbps": 3816,
        "fps": "30",
        "standard": "MPEG4",
        "codec": "H264",
        "letterboxed": false
      }
    ],
    "audio": [
      {
        "language": "",
        "codec": "AAC",
        "rateHz": 48000,
        "bitrateKbps": 256,
        "channels": 2
      }
    ],
    "sourceDetail": {
      "recordingType": "PRO",
      "sourceMediaType": "HD",
      "finalMediaType": "",
      "fileFormat": "MP4"
    }
  },
  "relatedShows": [],
  "childOf": "",
  "images": [
    {
      "folder": "71",
      "filename": "06546676.jpg",
      "externalId": "1DSQjG60QM5dTBvazqJkOvMNBTN1oyG_n"
    },
    {
      "folder": "71",
      "filename": "77342279.jpg",
      "externalId": "1cMwFKEp0ganzQneyj8uWk5fW5-e0SnAH"
    },
    {
      "folder": "71",
      "filename": "96730805.jpg",
      "externalId": "15rnfAkVvASSmgSjUfFv8w-yiVDCF8IEP"
    },
    {
      "folder": "71",
      "filename": "14645712.jpg",
      "externalId": "1dvi11r-C-4fC3D_JvZNSzmGLEUnX-I2V"
    }
  ],
  "setlist": [
    {
      "order": 1,
      "song": "The Ecstasy Of Gold (Ennio Morricone song) (PA)",
      "feat": "",
      "note": "",
      "comment": "",
      "coverOf": ""
    },
    {
      "order": 2,
      "song": "Hardwired Intro",
      "feat": "",
      "note": "tape",
      "comment": "",
      "coverOf": ""
    },
    {
      "order": 3,
      "song": "Hardwired",
      "feat": "",
      "note": "",
      "comment": "",
      "coverOf": ""
    },
    {
      "order": 4,
      "song": "The Memory Remains",
      "feat": "",
      "note": "",
      "comment": "",
      "coverOf": ""
    },
    {
      "order": 5,
      "song": "Ride The Lightning",
      "feat": "",
      "note": "",
      "comment": "",
      "coverOf": ""
    },
    {
      "order": 6,
      "song": "Whiskey In The Jar",
      "feat": "",
      "note": "",
      "comment": "",
      "coverOf": "traditional"
    },
    {
      "order": 7,
      "song": "The Unforgiven",
      "feat": "",
      "note": "",
      "comment": "",
      "coverOf": ""
    },
    {
      "order": 8,
      "song": "Now That We're Dead",
      "feat": "",
      "note": "",
      "comment": "",
      "coverOf": ""
    },
    {
      "order": 9,
      "song": "Moth Into Flame",
      "feat": "",
      "note": "",
      "comment": "",
      "coverOf": ""
    },
    {
      "order": 10,
      "song": "Sad But True",
      "feat": "",
      "note": "",
      "comment": "",
      "coverOf": ""
    },
    {
      "order": 11,
      "song": "Halo On Fire",
      "feat": "",
      "note": "",
      "comment": "",
      "coverOf": ""
    },
    {
      "order": 12,
      "song": "Frantic",
      "feat": "",
      "note": "",
      "comment": "",
      "coverOf": ""
    },
    {
      "order": 13,
      "song": "One",
      "feat": "",
      "note": "",
      "comment": "",
      "coverOf": ""
    },
    {
      "order": 14,
      "song": "Master Of Puppets",
      "feat": "",
      "note": "",
      "comment": "",
      "coverOf": ""
    },
    {
      "order": 15,
      "song": "For Whom The Bell Tolls",
      "feat": "",
      "note": "",
      "comment": "",
      "coverOf": ""
    },
    {
      "order": 16,
      "song": "Creeping Death",
      "feat": "",
      "note": "",
      "comment": "",
      "coverOf": ""
    },
    {
      "order": 17,
      "song": "Seek And Destroy",
      "feat": "",
      "note": "",
      "comment": "",
      "coverOf": ""
    },
    {
      "order": 18,
      "song": "Spit Out The Bone",
      "feat": "",
      "note": "",
      "comment": "",
      "coverOf": ""
    },
    {
      "order": 19,
      "song": "Nothing Else Matters",
      "feat": "",
      "note": "",
      "comment": "",
      "coverOf": ""
    },
    {
      "order": 20,
      "song": "Enter Sandman",
      "feat": "",
      "note": "",
      "comment": "",
      "coverOf": ""
    }
  ],
  "extras": []
}