{
  "originalTitle": "Metallica - 08.09.2017 - Paris - France - AccorHotels Arena (Source 1)",
  "created": 1748629086,
  "lastUpdated": 1748629086,
  "bands": [
    "Metallica"
  ],
  "startDate": {
    "day": "08",
    "month": "09",
    "year": "2017"
  },
  "startDateUnix": 1504828800,
  "endDate": {
    "day": "08",
    "month": "09",
    "year": "2017"
  },
  "endDateUnix": 1504828800,
  "location": {
    "city": "Paris",
    "state": "",
    "country": "France",
    "venue": "AccorHotels Arena",
    "event": ""
  },
  "tvChannel": "",
  "showName": "",
  "source": "Source 1",
  "category": [
    "video"
  ],
  "master": false,
  "public": true,
  "ownIdentifier": "HDD#D",
  "tradeLabel": "",
  "authoredBy": "",
  "transferredBy": "",
  "notes": "YouTube RIP.",
  "tapers": [],
  "specs": {
    "media": [
      {
        "type": "DVD-5",
        "size": 3.09,
        "unit": "Gb"
      }
    ],
    "chapters": false,
    "menu": false,
    "length": 8540,
    "video": [
      {
        "tvFormat": "",
        "ratio": "",
        "resolution": "1920x1080",
        "bitrateType": "",
        "bitrateKbps": 2847,
        "fps": "30",
        "standard": "MPEG4",
        "codec": "H264",
        "letterboxed": false
      }
    ],
    "audio": [
      {
        "language": "",
        "codec": "AAC",
        "rateHz": 48000,
        "bitrateKbps": 256,
        "channels": 2
      }
    ],
    "sourceDetail": {
      "recordingType": "PRO",
      "sourceMediaType": "HD",
      "finalMediaType": "",
      "fileFormat": "MP4"
    }
  },
  "relatedShows": [],
  "childOf": "",
  "images": [
    {
      "folder": "71",
      "filename": "53494879.jpg",
      "externalId": "1JYpG8fIKbxQv1Zw_cWZn1QzQyovLuM28"
    },
    {
      "folder": "71",
      "filename": "00625007.jpg",
      "externalId": "1dzF5py5jYp_CbWYGyi0ZLc1LWtw9Hxyh"
    },
    {
      "folder": "71",
      "filename": "58924537.jpg",
      "externalId": "1LKn6UtQADfCall3njFlV1IWAwLps2bNs"
    },
    {
      "folder": "71",
      "filename": "37014171.jpg",
      "externalId": "1r0YdO8VL4YudVigkpjTgL4jhDOEJ3RRk"
    }
  ],
  "setlist": [
    {
      "order": 1,
      "song": "The Ecstasy Of Gold (Ennio Morricone song) (PA)",
      "feat": "",
      "note": "",
      "comment": "",
      "coverOf": ""
    },
    {
      "order": 2,
      "song": "Hardwired Intro",
      "feat": "",
      "note": "tape",
      "comment": "",
      "coverOf": ""
    },
    {
      "order": 3,
      "song": "Hardwired",
      "feat": "",
      "note": "",
      "comment": "",
      "coverOf": ""
    },
    {
      "order": 4,
      "song": "Atlas, Rise!",
      "feat": "",
      "note": "",
      "comment": "",
      "coverOf": ""
    },
    {
      "order": 5,
      "song": "Seek And Destroy",
      "feat": "",
      "note": "",
      "comment": "",
      "coverOf": ""
    },
    {
      "order": 6,
      "song": "Leper Messiah",
      "feat": "",
      "note": "",
      "comment": "",
      "coverOf": ""
    },
    {
      "order": 7,
      "song": "The Day That Never Comes",
      "feat": "",
      "note": "",
      "comment": "",
      "coverOf": ""
    },
    {
      "order": 8,
      "song": "Now That We're Dead",
      "feat": "",
      "note": "",
      "comment": "",
      "coverOf": ""
    },
    {
      "order": 9,
      "song": "Dream No More",
      "feat": "",
      "note": "",
      "comment": "",
      "coverOf": ""
    },
    {
      "order": 10,
      "song": "For Whom The Bell Tolls",
      "feat": "",
      "note": "",
      "comment": "",
      "coverOf": ""
    },
    {
      "order": 11,
      "song": "Halo On Fire",
      "feat": "",
      "note": "",
      "comment": "",
      "coverOf": ""
    },
    {
      "order": 12,
      "song": "Last Caress",
      "feat": "",
      "note": "",
      "comment": "",
      "coverOf": "Misfits"
    },
    {
      "order": 13,
      "song": "Creeping Death",
      "feat": "",
      "note": "",
      "comment": "",
      "coverOf": ""
    },
    {
      "order": 14,
      "song": "Moth Into Flame",
      "feat": "",
      "note": "",
      "comment": "",
      "coverOf": ""
    },
    {
      "order": 15,
      "song": "Sad But True",
      "feat": "",
      "note": "",
      "comment": "",
      "coverOf": ""
    },
    {
      "order": 16,
      "song": "One",
      "feat": "",
      "note": "",
      "comment": "",
      "coverOf": ""
    },
    {
      "order": 17,
      "song": "Master Of Puppets",
      "feat": "",
      "note": "",
      "comment": "",
      "coverOf": ""
    },
    {
      "order": 18,
      "song": "Blackened",
      "feat": "",
      "note": "",
      "comment": "",
      "coverOf": ""
    },
    {
      "order": 19,
      "song": "Nothing Else Matters",
      "feat": "",
      "note": "",
      "comment": "",
      "coverOf": ""
    },
    {
      "order": 20,
      "song": "Enter Sandman",
      "feat": "",
      "note": "",
      "comment": "",
      "coverOf": ""
    }
  ],
  "extras": []
}