{
  "originalTitle": "Montezumas Revenge - 18.06.2013 - Moscow - Russia - Arena Moscow",
  "created": 1748629086,
  "lastUpdated": 1748629086,
  "bands": [
    "Montezumas Revenge"
  ],
  "startDate": {
    "day": "18",
    "month": "06",
    "year": "2013"
  },
  "startDateUnix": 1371513600,
  "endDate": {
    "day": "18",
    "month": "06",
    "year": "2013"
  },
  "endDateUnix": 1371513600,
  "location": {
    "city": "Moscow",
    "state": "",
    "country": "Russia",
    "venue": "Arena Moscow",
    "event": ""
  },
  "tvChannel": "",
  "showName": "",
  "source": "",
  "category": [
    "video"
  ],
  "master": true,
  "public": true,
  "ownIdentifier": "HDD#O",
  "tradeLabel": "",
  "authoredBy": "",
  "transferredBy": "",
  "notes": "Incomplete.",
  "tapers": [
    "Vortex"
  ],
  "specs": {
    "media": [
      {
        "type": "DVD-5",
        "size": 1.38,
        "unit": "Gb"
      }
    ],
    "chapters": true,
    "menu": false,
    "length": 722,
    "video": [
      {
        "tvFormat": "",
        "ratio": "",
        "resolution": "1920x1080",
        "bitrateType": "",
        "bitrateKbps": null,
        "fps": "25.00",
        "standard": "MPEG4",
        "codec": "H264",
        "letterboxed": false
      }
    ],
    "audio": [
      {
        "language": "",
        "codec": "AC3",
        "rateHz": 48000,
        "bitrateKbps": null,
        "channels": 2
      }
    ],
    "sourceDetail": {
      "recordingType": "AMT",
      "sourceMediaType": "HD",
      "finalMediaType": "BD",
      "fileFormat": "M2TS"
    }
  },
  "relatedShows": [
    "down_18_06_2013_video"
  ],
  "childOf": "",
  "images": [
    {
      "folder": "47",
      "filename": "94788404.jpg",
      "externalId": "1p4rq2cMIU8IoqeiC1XercWi24cwJd33l"
    },
    {
      "folder": "47",
      "filename": "16284264.jpg",
      "externalId": "18Np9PnQkGb0EwffUmfE0viFDFUATcHUc"
    },
    {
      "folder": "47",
      "filename": "45834366.jpg",
      "externalId": "19yFhE8nJduKsm1H-Csx3gryEymX_eNWB"
    },
    {
      "folder": "47",
      "filename": "86228634.jpg",
      "externalId": "1PTU5MbIXXMm0BdnUQtkFA2chvt1uaqfY"
    }
  ],
  "setlist": []
}