{
  "originalTitle": "Most Precious Blood - 23.02.2004 - Budapest - Hungary - A 38",
  "created": 1750187194,
  "lastUpdated": 1750187194,
  "bands": [
    "Most Precious Blood"
  ],
  "startDate": {
    "day": "23",
    "month": "02",
    "year": "2004"
  },
  "startDateUnix": 1077494400,
  "endDate": {
    "day": "23",
    "month": "02",
    "year": "2004"
  },
  "endDateUnix": 1077494400,
  "location": {
    "city": "Budapest",
    "state": "",
    "country": "Hungary",
    "venue": "A 38",
    "event": ""
  },
  "tvChannel": "",
  "showName": "",
  "source": "",
  "category": [
    "video"
  ],
  "master": false,
  "public": true,
  "ownIdentifier": "HDD#O",
  "tradeLabel": "",
  "authoredBy": "",
  "transferredBy": "",
  "notes": "",
  "tapers": [],
  "specs": {
    "media": [
      {
        "type": "DVD-5",
        "size": 4.05,
        "unit": "Gb"
      }
    ],
    "chapters": true,
    "menu": true,
    "length": 1108,
    "video": [
      {
        "tvFormat": "PAL",
        "ratio": "4:3",
        "resolution": "704x576",
        "bitrateType": "VBR",
        "bitrateKbps": null,
        "fps": "",
        "standard": "",
        "codec": "",
        "letterboxed": false
      }
    ],
    "audio": [
      {
        "language": "en",
        "codec": "AC3",
        "rateHz": null,
        "bitrateKbps": null,
        "channels": 2
      }
    ],
    "sourceDetail": {
      "recordingType": "AMT",
      "sourceMediaType": "",
      "finalMediaType": "",
      "fileFormat": "DVD"
    }
  },
  "relatedShows": [
    "darkest_hour_20_10_2003_video",
    "darkest_hour_27_01_2002_video"
  ],
  "childOf": "[VARIOUS ARTISTS] - [2002-2004] - Live Performances [Compilation]",
  "images": [
    {
      "folder": "12",
      "filename": "71340286.jpg",
      "externalId": "1UrY4zLz9e-l91ihKwjH46YiizURYv1nY"
    },
    {
      "folder": "12",
      "filename": "45298840.jpg",
      "externalId": "1Y5zLqm5nJamoeidUrGQdrFLrwqb2lgo2"
    },
    {
      "folder": "12",
      "filename": "59214052.jpg",
      "externalId": "1ZFk4yJqCCH69bIhqaZogruecgzkSRWe_"
    },
    {
      "folder": "12",
      "filename": "78509403.jpg",
      "externalId": "1JVQ95bs2r0LGjTd8AVYOEqe_KA995phu"
    }
  ],
  "setlist": [
    {
      "order": 1,
      "song": "The Great Red Shift",
      "feat": "",
      "note": "",
      "comment": "",
      "coverOf": ""
    },
    {
      "order": 2,
      "song": "Apparitien",
      "feat": "",
      "note": "",
      "comment": "",
      "coverOf": ""
    },
    {
      "order": 3,
      "song": "Cellusionist",
      "feat": "",
      "note": "",
      "comment": "",
      "coverOf": ""
    },
    {
      "order": 4,
      "song": "Sincerely",
      "feat": "",
      "note": "",
      "comment": "",
      "coverOf": ""
    },
    {
      "order": 5,
      "song": "Heroes And Conspiracies",
      "feat": "",
      "note": "",
      "comment": "",
      "coverOf": ""
    },
    {
      "order": 6,
      "song": "Grewing Square Eyes",
      "feat": "",
      "note": "",
      "comment": "",
      "coverOf": ""
    },
    {
      "order": 7,
      "song": "Most In Effigy",
      "feat": "",
      "note": "",
      "comment": "",
      "coverOf": ""
    },
    {
      "order": 8,
      "song": "Funeral Photography",
      "feat": "",
      "note": "",
      "comment": "",
      "coverOf": ""
    },
    {
      "order": 9,
      "song": "Less Than Zero",
      "feat": "",
      "note": "",
      "comment": "",
      "coverOf": ""
    },
    {
      "order": 10,
      "song": "It Runs In The Bleed",
      "feat": "",
      "note": "",
      "comment": "",
      "coverOf": ""
    },
    {
      "order": 11,
      "song": "Dream Come True",
      "feat": "",
      "note": "",
      "comment": "",
      "coverOf": "Indecision"
    },
    {
      "order": 12,
      "song": "The Lantern",
      "feat": "",
      "note": "",
      "comment": "",
      "coverOf": ""
    }
  ],
  "extras": []
}