{
  "originalTitle": "Motley Crue - 10.09.1997 - Minneapolis - MN - USA - City Center [MISC]",
  "created": 1748629086,
  "lastUpdated": 1748629086,
  "bands": [
    "Motley Crue"
  ],
  "startDate": {
    "day": "10",
    "month": "09",
    "year": "1997"
  },
  "startDateUnix": 873849600,
  "endDate": {
    "day": "10",
    "month": "09",
    "year": "1997"
  },
  "endDateUnix": 873849600,
  "location": {
    "city": "Minneapolis",
    "state": "MN",
    "country": "USA",
    "venue": "City Center",
    "event": ""
  },
  "tvChannel": "",
  "showName": "",
  "source": "",
  "category": [
    "video",
    "misc"
  ],
  "master": false,
  "public": true,
  "ownIdentifier": "",
  "tradeLabel": "",
  "authoredBy": "",
  "transferredBy": "",
  "notes": "",
  "tapers": [],
  "specs": {
    "media": [
      {
        "type": "DVD-5",
        "size": 2.33,
        "unit": "Gb"
      }
    ],
    "chapters": true,
    "menu": true,
    "length": 2095,
    "video": [
      {
        "tvFormat": "NTSC",
        "ratio": "4:3",
        "resolution": "704x480",
        "bitrateType": "VBR",
        "bitrateKbps": null,
        "fps": "",
        "standard": "",
        "codec": "",
        "letterboxed": false
      }
    ],
    "audio": [
      {
        "language": "",
        "codec": "AC3",
        "rateHz": null,
        "bitrateKbps": null,
        "channels": 2
      }
    ],
    "sourceDetail": {
      "recordingType": "AMT",
      "sourceMediaType": "VHS",
      "finalMediaType": "",
      "fileFormat": "DVD"
    }
  },
  "relatedShows": [],
  "childOf": "",
  "images": [
    {
      "folder": "23",
      "filename": "97126741.jpg",
      "externalId": "1cVqyHVWZUkMp5y8ccM9XF_XdxISmHeBt"
    },
    {
      "folder": "23",
      "filename": "51774055.jpg",
      "externalId": "1JoF8K0tWeJd6etHkW6EHsnEA3vT3dNmU"
    },
    {
      "folder": "23",
      "filename": "96161942.jpg",
      "externalId": "1TvN0OQclIXvDSLt5OuJE4nwwNIICiIlM"
    },
    {
      "folder": "23",
      "filename": "76107606.jpg",
      "externalId": "1xq8KYW-CTzd9adLUmm86B-RP7Aw5GuDO"
    }
  ],
  "setlist": [
    {
      "order": 1,
      "song": "Interview",
      "feat": "",
      "note": "",
      "comment": "",
      "coverOf": ""
    }
  ],
  "extras": []
}