{
  "originalTitle": "Poison The Well - 24.10.2002 - Orlando - FL - USA",
  "created": 1748629086,
  "lastUpdated": 1748629086,
  "bands": [
    "Poison The Well"
  ],
  "startDate": {
    "day": "24",
    "month": "10",
    "year": "2002"
  },
  "startDateUnix": 1035417600,
  "endDate": {
    "day": "24",
    "month": "10",
    "year": "2002"
  },
  "endDateUnix": 1035417600,
  "location": {
    "city": "Orlando",
    "state": "FL",
    "country": "USA",
    "venue": "",
    "event": ""
  },
  "tvChannel": "",
  "showName": "",
  "source": "",
  "category": [
    "video"
  ],
  "master": false,
  "public": true,
  "ownIdentifier": "",
  "tradeLabel": "",
  "authoredBy": "",
  "transferredBy": "",
  "notes": "",
  "tapers": [],
  "specs": {
    "media": [],
    "chapters": false,
    "menu": false,
    "length": null,
    "video": {
      "format": "",
      "ratio": "",
      "resolution": "",
      "bitrateType": "",
      "bitrateKbps": null,
      "letterboxed": false
    },
    "audio": {
      "language": "",
      "codec": "",
      "bitrateKbps": null,
      "channels": null
    },
    "sourceDetail": {
      "type": "",
      "extra": "",
      "medium": ""
    }
  },
  "relatedShows": [],
  "childOf": "",
  "images": [],
  "setlist": []
}