{
  "originalTitle": "Rainbow - 21.01.1978 - Tokyo - Japan - Budokan Hall [AUDIO]",
  "created": 1748629086,
  "lastUpdated": 1748629086,
  "bands": [
    "Rainbow"
  ],
  "startDate": {
    "day": "21",
    "month": "01",
    "year": "1978"
  },
  "startDateUnix": 254188800,
  "endDate": {
    "day": "21",
    "month": "01",
    "year": "1978"
  },
  "endDateUnix": 254188800,
  "location": {
    "city": "Tokyo",
    "state": "",
    "country": "Japan",
    "venue": "Budokan Hall",
    "event": ""
  },
  "tvChannel": "",
  "showName": "",
  "source": "",
  "category": [
    "audio"
  ],
  "master": false,
  "public": true,
  "ownIdentifier": "HDD#D",
  "tradeLabel": "",
  "authoredBy": "",
  "transferredBy": "",
  "notes": "Tarantura (Nijifune 78-09) Boot 2CD &gt; EAC &gt; FLAC.",
  "tapers": [],
  "specs": {
    "media": [
      {
        "type": "CD",
        "size": 348,
        "unit": "Mb"
      },
      {
        "type": "CD",
        "size": 276,
        "unit": "Mb"
      }
    ],
    "chapters": false,
    "menu": false,
    "length": 5277,
    "video": {
      "format": "",
      "ratio": "",
      "resolution": "",
      "bitrateType": "",
      "bitrateKbps": null,
      "letterboxed": false
    },
    "audio": [
      {
        "language": "",
        "codec": "PCM",
        "rateHz": 44100,
        "bitrateKbps": 1411,
        "channels": 2
      }
    ],
    "sourceDetail": {
      "recordingType": "AMT",
      "sourceMediaType": "",
      "finalMediaType": "",
      "fileFormat": "FLAC"
    }
  },
  "relatedShows": [],
  "childOf": "",
  "images": [],
  "setlist": [
    {
      "order": 1,
      "song": "Kill The King",
      "feat": "",
      "note": "",
      "comment": "",
      "coverOf": ""
    },
    {
      "order": 2,
      "song": "Guitar Solo",
      "feat": "",
      "note": "",
      "comment": "",
      "coverOf": ""
    },
    {
      "order": 3,
      "song": "Mistreated",
      "feat": "",
      "note": "",
      "comment": "",
      "coverOf": ""
    },
    {
      "order": 4,
      "song": "16th Century Greensleeves",
      "feat": "",
      "note": "",
      "comment": "",
      "coverOf": ""
    },
    {
      "order": 5,
      "song": "Catch The Rainbow",
      "feat": "",
      "note": "",
      "comment": "",
      "coverOf": ""
    },
    {
      "order": 6,
      "song": "Long Live Rock 'N' Roll",
      "feat": "",
      "note": "",
      "comment": "",
      "coverOf": ""
    },
    {
      "order": 7,
      "song": "Lazy",
      "feat": "",
      "note": "",
      "comment": "",
      "coverOf": ""
    },
    {
      "order": 8,
      "song": "Man On The Silver Mountain",
      "feat": "",
      "note": "",
      "comment": "",
      "coverOf": ""
    },
    {
      "order": 9,
      "song": "Blues",
      "feat": "",
      "note": "",
      "comment": "",
      "coverOf": ""
    },
    {
      "order": 10,
      "song": "Starstruck",
      "feat": "",
      "note": "",
      "comment": "",
      "coverOf": ""
    },
    {
      "order": 11,
      "song": "Night People",
      "feat": "",
      "note": "",
      "comment": "",
      "coverOf": ""
    },
    {
      "order": 12,
      "song": "Keyboard Solo",
      "feat": "",
      "note": "",
      "comment": "",
      "coverOf": ""
    },
    {
      "order": 13,
      "song": "Still I'm Sad",
      "feat": "",
      "note": "",
      "comment": "",
      "coverOf": ""
    },
    {
      "order": 14,
      "song": "Drum Solo",
      "feat": "",
      "note": "",
      "comment": "",
      "coverOf": ""
    },
    {
      "order": 15,
      "song": "1812 Overture",
      "feat": "",
      "note": "",
      "comment": "",
      "coverOf": ""
    },
    {
      "order": 16,
      "song": "Over The Rainbow",
      "feat": "",
      "note": "",
      "comment": "",
      "coverOf": ""
    }
  ],
  "extras": []
}