{
  "originalTitle": "Rammstein - 08.08.1998 - Dresden - Germany - Eisschnelllaufbahn Festival",
  "created": 1748629086,
  "lastUpdated": 1748629086,
  "bands": [
    "Rammstein"
  ],
  "startDate": {
    "day": "08",
    "month": "08",
    "year": "1998"
  },
  "startDateUnix": 902534400,
  "endDate": {
    "day": "08",
    "month": "08",
    "year": "1998"
  },
  "endDateUnix": 902534400,
  "location": {
    "city": "Dresden",
    "state": "",
    "country": "Germany",
    "venue": "",
    "event": "Eisschnelllaufbahn Festival"
  },
  "tvChannel": "",
  "showName": "",
  "source": "",
  "category": [
    "video"
  ],
  "master": false,
  "public": true,
  "ownIdentifier": "HDD#O",
  "tradeLabel": "",
  "authoredBy": "",
  "transferredBy": "",
  "notes": "",
  "tapers": [],
  "specs": {
    "media": [
      {
        "type": "DVD-5",
        "size": 1.29,
        "unit": "Gb"
      }
    ],
    "chapters": false,
    "menu": false,
    "length": 5668,
    "video": [
      {
        "tvFormat": "PAL",
        "ratio": "4:3",
        "resolution": "720x576",
        "bitrateType": "VBR",
        "bitrateKbps": null,
        "fps": "",
        "standard": "",
        "codec": "",
        "letterboxed": false
      }
    ],
    "audio": [
      {
        "language": "",
        "codec": "AC3",
        "rateHz": null,
        "bitrateKbps": null,
        "channels": 2
      }
    ],
    "sourceDetail": {
      "recordingType": "AMT",
      "sourceMediaType": "VHS",
      "finalMediaType": "",
      "fileFormat": "DVD"
    }
  },
  "relatedShows": [],
  "childOf": "",
  "images": [
    {
      "folder": "53",
      "filename": "80067948.jpg",
      "externalId": "1PPVuHn91iBd13PCbJBxOk_f9W0F3w96H"
    },
    {
      "folder": "53",
      "filename": "15130436.jpg",
      "externalId": "1PTRJBz2AcquoYT6UeLRKtYYsp0TGhvnM"
    },
    {
      "folder": "53",
      "filename": "74399203.jpg",
      "externalId": "1NMZ-39Fx3bKyuyU14oWjIc2H9n91TV83"
    },
    {
      "folder": "53",
      "filename": "69934115.jpg",
      "externalId": "131BXEZWKu-CRJmkn8covDrWCk0oG4VA8"
    }
  ],
  "setlist": [
    {
      "order": 1,
      "song": "Spiel Mit Mir",
      "feat": "",
      "note": "",
      "comment": "",
      "coverOf": ""
    },
    {
      "order": 2,
      "song": "Herzeleid",
      "feat": "",
      "note": "",
      "comment": "",
      "coverOf": ""
    },
    {
      "order": 3,
      "song": "Bestrafe Mich",
      "feat": "",
      "note": "",
      "comment": "",
      "coverOf": ""
    },
    {
      "order": 4,
      "song": "Weisses Fleisch",
      "feat": "",
      "note": "",
      "comment": "",
      "coverOf": ""
    },
    {
      "order": 5,
      "song": "Sehnsucht",
      "feat": "",
      "note": "",
      "comment": "",
      "coverOf": ""
    },
    {
      "order": 6,
      "song": "Asche Zu Asche",
      "feat": "",
      "note": "",
      "comment": "",
      "coverOf": ""
    },
    {
      "order": 7,
      "song": "Wilder Wein",
      "feat": "",
      "note": "",
      "comment": "",
      "coverOf": ""
    },
    {
      "order": 8,
      "song": "Klavier",
      "feat": "",
      "note": "",
      "comment": "",
      "coverOf": ""
    },
    {
      "order": 9,
      "song": "Heirate Mich",
      "feat": "",
      "note": "",
      "comment": "",
      "coverOf": ""
    },
    {
      "order": 10,
      "song": "Du Riechst So Gut",
      "feat": "",
      "note": "",
      "comment": "",
      "coverOf": ""
    },
    {
      "order": 11,
      "song": "Du Hast",
      "feat": "",
      "note": "",
      "comment": "",
      "coverOf": ""
    },
    {
      "order": 12,
      "song": "Buck Dich",
      "feat": "",
      "note": "",
      "comment": "",
      "coverOf": ""
    },
    {
      "order": 13,
      "song": "Engel",
      "feat": "",
      "note": "",
      "comment": "",
      "coverOf": ""
    },
    {
      "order": 14,
      "song": "Rammstein",
      "feat": "",
      "note": "",
      "comment": "",
      "coverOf": ""
    },
    {
      "order": 15,
      "song": "Laichzeit",
      "feat": "",
      "note": "",
      "comment": "",
      "coverOf": ""
    },
    {
      "order": 16,
      "song": "Wollt Ihr Das Bett In Flammen Sehen?",
      "feat": "",
      "note": "",
      "comment": "",
      "coverOf": ""
    },
    {
      "order": 17,
      "song": "Seemann",
      "feat": "",
      "note": "",
      "comment": "",
      "coverOf": ""
    }
  ],
  "extras": []
}