{
  "originalTitle": "Rammstein - 05.12.2011 - Duesseldorf - Germany - ISS Dome (Source 2)",
  "created": 1748629086,
  "lastUpdated": 1748629086,
  "bands": [
    "Rammstein"
  ],
  "startDate": {
    "day": "05",
    "month": "12",
    "year": "2011"
  },
  "startDateUnix": 1323043200,
  "endDate": {
    "day": "05",
    "month": "12",
    "year": "2011"
  },
  "endDateUnix": 1323043200,
  "location": {
    "city": "Duesseldorf",
    "state": "",
    "country": "Germany",
    "venue": "ISS Dome",
    "event": ""
  },
  "tvChannel": "",
  "showName": "",
  "source": "Source 2",
  "category": [
    "video"
  ],
  "master": false,
  "public": true,
  "ownIdentifier": "HDD#O",
  "tradeLabel": "",
  "authoredBy": "",
  "transferredBy": "",
  "notes": "AMT#2.",
  "tapers": [
    "FrizzyPlant"
  ],
  "specs": {
    "media": [
      {
        "type": "DVD-9",
        "size": 6.27,
        "unit": "Gb"
      }
    ],
    "chapters": false,
    "menu": false,
    "length": 2163,
    "video": [
      {
        "tvFormat": "",
        "ratio": "",
        "resolution": "1280x720",
        "bitrateType": "",
        "bitrateKbps": null,
        "fps": "30",
        "standard": "JPEG",
        "codec": "",
        "letterboxed": false
      }
    ],
    "audio": [
      {
        "language": "",
        "codec": "PCM",
        "rateHz": 16000,
        "bitrateKbps": 512,
        "channels": 2
      }
    ],
    "sourceDetail": {
      "recordingType": "AMT",
      "sourceMediaType": "Digicam",
      "finalMediaType": "HD",
      "fileFormat": "MOV"
    }
  },
  "relatedShows": [],
  "childOf": "",
  "images": [
    {
      "folder": "53",
      "filename": "13430885.jpg",
      "externalId": "17VV-JAWzapNe8HJQSvEh21QBaapkyn6T"
    },
    {
      "folder": "53",
      "filename": "01673567.jpg",
      "externalId": "1RT0Yu5-c6sSTllCMlKIrAPExbQKnVTiJ"
    },
    {
      "folder": "53",
      "filename": "29052705.jpg",
      "externalId": "1i2RABW3oAQdW8_6GLFSPiaD2ZzRy2rhf"
    },
    {
      "folder": "53",
      "filename": "89295418.jpg",
      "externalId": "1QVu_g8smWMc_O9Rai_TvYUAHZdBOS52w"
    }
  ],
  "setlist": [
    {
      "order": 1,
      "song": "Sonne",
      "feat": "",
      "note": "incomplete",
      "comment": "",
      "coverOf": ""
    },
    {
      "order": 2,
      "song": "Wollt Ihr Das Bett In Flammen Sehen?",
      "feat": "",
      "note": "not recorded",
      "comment": "",
      "coverOf": ""
    },
    {
      "order": 3,
      "song": "Keine Lust",
      "feat": "",
      "note": "incomplete",
      "comment": "",
      "coverOf": ""
    },
    {
      "order": 4,
      "song": "Sehnsucht",
      "feat": "",
      "note": "incomplete",
      "comment": "",
      "coverOf": ""
    },
    {
      "order": 5,
      "song": "Asche Zu Asche",
      "feat": "",
      "note": "incomplete",
      "comment": "",
      "coverOf": ""
    },
    {
      "order": 6,
      "song": "Feuer Frei!",
      "feat": "",
      "note": "incomplete",
      "comment": "",
      "coverOf": ""
    },
    {
      "order": 7,
      "song": "Mutter",
      "feat": "",
      "note": "not recorded",
      "comment": "",
      "coverOf": ""
    },
    {
      "order": 8,
      "song": "Mein Teil",
      "feat": "",
      "note": "incomplete",
      "comment": "",
      "coverOf": ""
    },
    {
      "order": 9,
      "song": "Du Riechst So Gut",
      "feat": "",
      "note": "incomplete",
      "comment": "",
      "coverOf": ""
    },
    {
      "order": 10,
      "song": "Links 2-3-4",
      "feat": "",
      "note": "incomplete",
      "comment": "",
      "coverOf": ""
    },
    {
      "order": 11,
      "song": "Du Hast",
      "feat": "",
      "note": "not recorded",
      "comment": "",
      "coverOf": ""
    },
    {
      "order": 12,
      "song": "Haifisch",
      "feat": "",
      "note": "incomplete",
      "comment": "",
      "coverOf": ""
    },
    {
      "order": 13,
      "song": "Buck Dich",
      "feat": "",
      "note": "",
      "comment": "",
      "coverOf": ""
    },
    {
      "order": 14,
      "song": "Mann Gegen Mann",
      "feat": "",
      "note": "not recorded",
      "comment": "",
      "coverOf": ""
    },
    {
      "order": 15,
      "song": "Ohne Dich",
      "feat": "",
      "note": "not recorded",
      "comment": "",
      "coverOf": ""
    },
    {
      "order": 16,
      "song": "Mein Herz Brennt",
      "feat": "",
      "note": "not recorded",
      "comment": "",
      "coverOf": ""
    },
    {
      "order": 17,
      "song": "Amerika",
      "feat": "",
      "note": "not recorded",
      "comment": "",
      "coverOf": ""
    },
    {
      "order": 18,
      "song": "Ich Will",
      "feat": "",
      "note": "not recorded",
      "comment": "",
      "coverOf": ""
    },
    {
      "order": 19,
      "song": "Engel",
      "feat": "",
      "note": "",
      "comment": "",
      "coverOf": ""
    },
    {
      "order": 20,
      "song": "Pussy",
      "feat": "",
      "note": "incomplete",
      "comment": "",
      "coverOf": ""
    }
  ],
  "extras": []
}