{
  "originalTitle": "Rammstein - 31.05.1998 - Nuerburg - Germany - Nuerburgring - Rock Am Ring (Source 2)",
  "created": 1748629086,
  "lastUpdated": 1748629086,
  "bands": [
    "Rammstein"
  ],
  "startDate": {
    "day": "31",
    "month": "05",
    "year": "1998"
  },
  "startDateUnix": 896572800,
  "endDate": {
    "day": "31",
    "month": "05",
    "year": "1998"
  },
  "endDateUnix": 896572800,
  "location": {
    "city": "Nuerburg",
    "state": "",
    "country": "Germany",
    "venue": "Nuerburgring",
    "event": "Rock Am Ring"
  },
  "tvChannel": "",
  "showName": "",
  "source": "Source 2",
  "category": [
    "video"
  ],
  "master": false,
  "public": true,
  "ownIdentifier": "HDD#O",
  "tradeLabel": "",
  "authoredBy": "",
  "transferredBy": "",
  "notes": "",
  "tapers": [],
  "specs": {
    "media": [
      {
        "type": "DVD-5",
        "size": 963,
        "unit": "Mb"
      }
    ],
    "chapters": false,
    "menu": false,
    "length": 942,
    "video": [
      {
        "tvFormat": "PAL",
        "ratio": "4:3",
        "resolution": "720x576",
        "bitrateType": "VBR",
        "bitrateKbps": null,
        "fps": "",
        "standard": "",
        "codec": "",
        "letterboxed": false
      }
    ],
    "audio": [
      {
        "language": "",
        "codec": "AC3",
        "rateHz": null,
        "bitrateKbps": null,
        "channels": 6
      }
    ],
    "sourceDetail": {
      "recordingType": "PRO",
      "sourceMediaType": "VHS",
      "finalMediaType": "",
      "fileFormat": "DVD"
    }
  },
  "relatedShows": [],
  "childOf": "",
  "images": [
    {
      "folder": "53",
      "filename": "14218009.jpg",
      "externalId": "1ZW4UWyoruRSGEZhlnR9hfClrRb7WO3nW"
    },
    {
      "folder": "53",
      "filename": "61063814.jpg",
      "externalId": "1Qh-_TW85J-zHWl_oxTPz45O9aBBZ_07p"
    },
    {
      "folder": "53",
      "filename": "95636613.jpg",
      "externalId": "1pnH1qqUTfZyXQty01gYpGrrs8j7FTPUJ"
    },
    {
      "folder": "53",
      "filename": "06455275.jpg",
      "externalId": "12kUzIx3cK5-PbhrtqWNgQefUHgRqB2Av"
    }
  ],
  "setlist": [
    {
      "order": 1,
      "song": "Du Riechst So Gut",
      "feat": "",
      "note": "",
      "comment": "",
      "coverOf": ""
    },
    {
      "order": 2,
      "song": "Heirate Mich",
      "feat": "",
      "note": "",
      "comment": "",
      "coverOf": ""
    },
    {
      "order": 3,
      "song": "Du Hast",
      "feat": "",
      "note": "",
      "comment": "",
      "coverOf": ""
    }
  ],
  "extras": []
}