{
  "originalTitle": "Rammstein - 18.07.2001 - New York - NY - USA - Hammerstein Ballroom",
  "created": 1748629086,
  "lastUpdated": 1748629086,
  "bands": [
    "Rammstein"
  ],
  "startDate": {
    "day": "18",
    "month": "07",
    "year": "2001"
  },
  "startDateUnix": 995414400,
  "endDate": {
    "day": "18",
    "month": "07",
    "year": "2001"
  },
  "endDateUnix": 995414400,
  "location": {
    "city": "New York",
    "state": "NY",
    "country": "USA",
    "venue": "Hammerstein Ballroom",
    "event": ""
  },
  "tvChannel": "",
  "showName": "",
  "source": "",
  "category": [
    "video"
  ],
  "master": false,
  "public": true,
  "ownIdentifier": "HDD#O",
  "tradeLabel": "",
  "authoredBy": "",
  "transferredBy": "",
  "notes": "PRO#1.",
  "tapers": [],
  "specs": {
    "media": [
      {
        "type": "DVD-5",
        "size": 3.06,
        "unit": "Gb"
      }
    ],
    "chapters": false,
    "menu": false,
    "length": 5527,
    "video": [
      {
        "tvFormat": "NTSC",
        "ratio": "4:3",
        "resolution": "704x480",
        "bitrateType": "VBR",
        "bitrateKbps": null,
        "fps": "",
        "standard": "",
        "codec": "",
        "letterboxed": false
      }
    ],
    "audio": [
      {
        "language": "",
        "codec": "AC3",
        "rateHz": null,
        "bitrateKbps": null,
        "channels": 2
      }
    ],
    "sourceDetail": {
      "recordingType": "AMT",
      "sourceMediaType": "VHS",
      "finalMediaType": "",
      "fileFormat": "DVD"
    }
  },
  "relatedShows": [],
  "childOf": "",
  "images": [
    {
      "folder": "53",
      "filename": "00618797.jpg",
      "externalId": "1vP6U34q9DOBqmOMZ-2_a8laQ9SUCDpLf"
    },
    {
      "folder": "53",
      "filename": "53339790.jpg",
      "externalId": "1sBrDc_wd9Pp1oA1ZlpoU_RuGfCSTeJq4"
    },
    {
      "folder": "53",
      "filename": "23758715.jpg",
      "externalId": "1yQ04Kmxw343KnnWrcWcr5U9O86-omrwE"
    },
    {
      "folder": "53",
      "filename": "78504187.jpg",
      "externalId": "1kSaXj5yJa0iGSjTr1KrIdMIIF4ceR0sM"
    }
  ],
  "setlist": [
    {
      "order": 1,
      "song": "5/4",
      "feat": "",
      "note": "",
      "comment": "",
      "coverOf": ""
    },
    {
      "order": 2,
      "song": "Mein Herz Brennt",
      "feat": "",
      "note": "",
      "comment": "",
      "coverOf": ""
    },
    {
      "order": 3,
      "song": "Links 2-3-4",
      "feat": "",
      "note": "",
      "comment": "",
      "coverOf": ""
    },
    {
      "order": 4,
      "song": "Feuer Frei",
      "feat": "",
      "note": "",
      "comment": "",
      "coverOf": ""
    },
    {
      "order": 5,
      "song": "Rein Raus",
      "feat": "",
      "note": "",
      "comment": "",
      "coverOf": ""
    },
    {
      "order": 6,
      "song": "Adios",
      "feat": "",
      "note": "",
      "comment": "",
      "coverOf": ""
    },
    {
      "order": 7,
      "song": "Mutter",
      "feat": "",
      "note": "",
      "comment": "",
      "coverOf": ""
    },
    {
      "order": 8,
      "song": "Stripped",
      "feat": "",
      "note": "",
      "comment": "",
      "coverOf": "Depeche Mode"
    },
    {
      "order": 9,
      "song": "Zwitter",
      "feat": "",
      "note": "",
      "comment": "",
      "coverOf": ""
    },
    {
      "order": 10,
      "song": "Weisses Fleisch",
      "feat": "",
      "note": "",
      "comment": "",
      "coverOf": ""
    },
    {
      "order": 11,
      "song": "Sehnsucht",
      "feat": "",
      "note": "",
      "comment": "",
      "coverOf": ""
    },
    {
      "order": 12,
      "song": "Asche Zu Asche",
      "feat": "",
      "note": "",
      "comment": "",
      "coverOf": ""
    },
    {
      "order": 13,
      "song": "Du Hast",
      "feat": "",
      "note": "",
      "comment": "",
      "coverOf": ""
    },
    {
      "order": 14,
      "song": "Heirate Mich",
      "feat": "",
      "note": "",
      "comment": "",
      "coverOf": ""
    },
    {
      "order": 15,
      "song": "Rammstein",
      "feat": "",
      "note": "",
      "comment": "",
      "coverOf": ""
    },
    {
      "order": 16,
      "song": "Sonne",
      "feat": "",
      "note": "",
      "comment": "",
      "coverOf": ""
    },
    {
      "order": 17,
      "song": "Ich Will",
      "feat": "",
      "note": "",
      "comment": "",
      "coverOf": ""
    },
    {
      "order": 18,
      "song": "Pet Sematary",
      "feat": "",
      "note": "",
      "comment": "",
      "coverOf": "Ramones"
    }
  ],
  "extras": []
}