{
  "originalTitle": "Red Hot Chili Peppers - 25.07.2004 - Yokohama - Japan - Yokohama International Stadium",
  "created": 1748629086,
  "lastUpdated": 1748629086,
  "bands": [
    "Red Hot Chili Peppers"
  ],
  "startDate": {
    "day": "25",
    "month": "07",
    "year": "2004"
  },
  "startDateUnix": 1090713600,
  "endDate": {
    "day": "25",
    "month": "07",
    "year": "2004"
  },
  "endDateUnix": 1090713600,
  "location": {
    "city": "Yokohama",
    "state": "",
    "country": "Japan",
    "venue": "Yokohama International Stadium",
    "event": ""
  },
  "tvChannel": "",
  "showName": "",
  "source": "",
  "category": [
    "video"
  ],
  "master": false,
  "public": true,
  "ownIdentifier": "HDD#C",
  "tradeLabel": "",
  "authoredBy": "",
  "transferredBy": "",
  "notes": "Screenshot.",
  "tapers": [
    "rozy"
  ],
  "specs": {
    "media": [
      {
        "type": "DVD-5",
        "size": 2.97,
        "unit": "Gb"
      }
    ],
    "chapters": true,
    "menu": false,
    "length": 6053,
    "video": [
      {
        "tvFormat": "NTSC",
        "ratio": "4:3",
        "resolution": "720x480",
        "bitrateType": "VBR",
        "bitrateKbps": null,
        "fps": "",
        "standard": "",
        "codec": "",
        "letterboxed": false
      }
    ],
    "audio": [
      {
        "language": "",
        "codec": "LPCM",
        "rateHz": null,
        "bitrateKbps": null,
        "channels": 2
      }
    ],
    "sourceDetail": {
      "recordingType": "AMT",
      "sourceMediaType": "",
      "finalMediaType": "",
      "fileFormat": "DVD"
    }
  },
  "relatedShows": [],
  "childOf": "",
  "images": [],
  "setlist": []
}