{
  "originalTitle": "Sepultura - 13.03.2015 - Moscow - Russia - Volta Club",
  "created": 1748629086,
  "lastUpdated": 1748629086,
  "bands": [
    "Sepultura"
  ],
  "startDate": {
    "day": "13",
    "month": "03",
    "year": "2015"
  },
  "startDateUnix": 1426204800,
  "endDate": {
    "day": "13",
    "month": "03",
    "year": "2015"
  },
  "endDateUnix": 1426204800,
  "location": {
    "city": "Moscow",
    "state": "",
    "country": "Russia",
    "venue": "Volta Club",
    "event": ""
  },
  "tvChannel": "",
  "showName": "",
  "source": "",
  "category": [
    "video"
  ],
  "master": true,
  "public": true,
  "ownIdentifier": "HDD#C",
  "tradeLabel": "",
  "authoredBy": "",
  "transferredBy": "",
  "notes": "Incomplete. I got caught right after Dialog and I had no opportunity to try again before the Ratamahatta which is shaky as hell.",
  "tapers": [
    "Vortex"
  ],
  "specs": {
    "media": [
      {
        "type": "BD-25",
        "size": 10,
        "unit": "Gb"
      }
    ],
    "chapters": true,
    "menu": true,
    "length": 3450,
    "video": [
      {
        "tvFormat": "",
        "ratio": "",
        "resolution": "1920x1080",
        "bitrateType": "",
        "bitrateKbps": null,
        "fps": "50",
        "standard": "MPEG4",
        "codec": "H264",
        "letterboxed": false
      }
    ],
    "audio": [
      {
        "language": "",
        "codec": "AC3",
        "rateHz": 48000,
        "bitrateKbps": 384,
        "channels": 6
      }
    ],
    "sourceDetail": {
      "recordingType": "AMT",
      "sourceMediaType": "HD",
      "finalMediaType": "BD",
      "fileFormat": "M2TS"
    }
  },
  "relatedShows": [],
  "childOf": "",
  "images": [
    {
      "folder": "56",
      "filename": "97578214.jpg",
      "externalId": "1fcoy9BFYAIfhOubfDrIh1XKv4hoIyFp_"
    },
    {
      "folder": "56",
      "filename": "26812345.jpg",
      "externalId": "140t5BG7AwFVQ1l4VkSiAfO9YUhSxaArh"
    },
    {
      "folder": "56",
      "filename": "06411097.jpg",
      "externalId": "19Ff4eJsJSXggMAnDj52DGUSqHoc5JeMQ"
    },
    {
      "folder": "56",
      "filename": "87364923.jpg",
      "externalId": "14rqssyT-0LiDtDZdv58Ji64kYSXVrKXJ"
    }
  ],
  "setlist": [
    {
      "order": 1,
      "song": "Intro",
      "feat": "",
      "note": "tape",
      "comment": "",
      "coverOf": ""
    },
    {
      "order": 2,
      "song": "The Vatican",
      "feat": "",
      "note": "",
      "comment": "",
      "coverOf": ""
    },
    {
      "order": 3,
      "song": "Kairos",
      "feat": "",
      "note": "",
      "comment": "",
      "coverOf": ""
    },
    {
      "order": 4,
      "song": "Propaganda",
      "feat": "",
      "note": "",
      "comment": "",
      "coverOf": ""
    },
    {
      "order": 5,
      "song": "Breed Apart",
      "feat": "",
      "note": "",
      "comment": "",
      "coverOf": ""
    },
    {
      "order": 6,
      "song": "Manipulation Of Tragedy",
      "feat": "",
      "note": "",
      "comment": "",
      "coverOf": ""
    },
    {
      "order": 7,
      "song": "Dead Embryonic Cells",
      "feat": "",
      "note": "",
      "comment": "",
      "coverOf": ""
    },
    {
      "order": 8,
      "song": "Mind War",
      "feat": "",
      "note": "",
      "comment": "",
      "coverOf": ""
    },
    {
      "order": 9,
      "song": "Convicted In Life",
      "feat": "",
      "note": "",
      "comment": "",
      "coverOf": ""
    },
    {
      "order": 10,
      "song": "Attitude",
      "feat": "",
      "note": "",
      "comment": "",
      "coverOf": ""
    },
    {
      "order": 11,
      "song": "Dialog",
      "feat": "",
      "note": "",
      "comment": "",
      "coverOf": ""
    },
    {
      "order": 12,
      "song": "From The Past Comes The Storms",
      "feat": "",
      "note": "not recorded",
      "comment": "",
      "coverOf": ""
    },
    {
      "order": 13,
      "song": "Inner Self",
      "feat": "",
      "note": "not recorded",
      "comment": "",
      "coverOf": ""
    },
    {
      "order": 14,
      "song": "Territory",
      "feat": "",
      "note": "not recorded",
      "comment": "",
      "coverOf": ""
    },
    {
      "order": 15,
      "song": "Arise",
      "feat": "",
      "note": "not recorded",
      "comment": "",
      "coverOf": ""
    },
    {
      "order": 16,
      "song": "Refuse/Resist",
      "feat": "",
      "note": "not recorded",
      "comment": "",
      "coverOf": ""
    },
    {
      "order": 17,
      "song": "The Curse",
      "feat": "",
      "note": "not recorded",
      "comment": "",
      "coverOf": ""
    },
    {
      "order": 18,
      "song": "Bestial Devastation",
      "feat": "",
      "note": "not recorded",
      "comment": "",
      "coverOf": ""
    },
    {
      "order": 19,
      "song": "The Hunt  (not recorded)",
      "feat": "",
      "note": "",
      "comment": "",
      "coverOf": "New Model Army"
    },
    {
      "order": 20,
      "song": "Primitive Future",
      "feat": "",
      "note": "not recorded",
      "comment": "",
      "coverOf": ""
    },
    {
      "order": 21,
      "song": "Ratamahatta",
      "feat": "",
      "note": "",
      "comment": "",
      "coverOf": ""
    },
    {
      "order": 22,
      "song": "Roots Bloody Roots",
      "feat": "",
      "note": "",
      "comment": "",
      "coverOf": ""
    }
  ],
  "extras": []
}