{
  "originalTitle": "Slayer - 20.06.1985 - Oberhausen - Germany - Blue Moon [AUDIO]",
  "created": 1748629086,
  "lastUpdated": 1748629086,
  "bands": [
    "Slayer"
  ],
  "startDate": {
    "day": "20",
    "month": "06",
    "year": "1985"
  },
  "startDateUnix": 488073600,
  "endDate": {
    "day": "20",
    "month": "06",
    "year": "1985"
  },
  "endDateUnix": 488073600,
  "location": {
    "city": "Oberhausen",
    "state": "",
    "country": "Germany",
    "venue": "Blue Moon",
    "event": ""
  },
  "tvChannel": "",
  "showName": "",
  "source": "",
  "category": [
    "audio"
  ],
  "master": false,
  "public": true,
  "ownIdentifier": "HDD#O",
  "tradeLabel": "",
  "authoredBy": "",
  "transferredBy": "",
  "notes": "SBD recording.",
  "tapers": [],
  "specs": {
    "media": [
      {
        "type": "CD",
        "size": 369,
        "unit": "Mb"
      }
    ],
    "chapters": false,
    "menu": false,
    "length": 3618,
    "video": {
      "format": "",
      "ratio": "",
      "resolution": "",
      "bitrateType": "",
      "bitrateKbps": null,
      "letterboxed": false
    },
    "audio": [
      {
        "language": "",
        "codec": "FLAC",
        "rateHz": 44100,
        "bitrateKbps": 1411,
        "channels": 2
      }
    ],
    "sourceDetail": {
      "recordingType": "PRO",
      "sourceMediaType": "",
      "finalMediaType": "",
      "fileFormat": "FLAC"
    }
  },
  "relatedShows": [],
  "childOf": "",
  "images": [],
  "setlist": [
    {
      "order": 1,
      "song": "Hell Awaits",
      "feat": "",
      "note": "",
      "comment": "",
      "coverOf": ""
    },
    {
      "order": 2,
      "song": "Aggressive Perfector",
      "feat": "",
      "note": "",
      "comment": "",
      "coverOf": ""
    },
    {
      "order": 3,
      "song": "Captor Of Sin",
      "feat": "",
      "note": "",
      "comment": "",
      "coverOf": ""
    },
    {
      "order": 4,
      "song": "Final Command",
      "feat": "",
      "note": "",
      "comment": "",
      "coverOf": ""
    },
    {
      "order": 5,
      "song": "Kill Again",
      "feat": "",
      "note": "",
      "comment": "",
      "coverOf": ""
    },
    {
      "order": 6,
      "song": "Crypts Of Eternity",
      "feat": "",
      "note": "",
      "comment": "",
      "coverOf": ""
    },
    {
      "order": 7,
      "song": "Fight Till Death",
      "feat": "",
      "note": "",
      "comment": "",
      "coverOf": ""
    },
    {
      "order": 8,
      "song": "Haunting The Chapel",
      "feat": "",
      "note": "",
      "comment": "",
      "coverOf": ""
    },
    {
      "order": 9,
      "song": "Hardening Of The Arteries",
      "feat": "",
      "note": "",
      "comment": "",
      "coverOf": ""
    },
    {
      "order": 10,
      "song": "Black Magic",
      "feat": "",
      "note": "",
      "comment": "",
      "coverOf": ""
    },
    {
      "order": 11,
      "song": "Die By The Sword",
      "feat": "",
      "note": "",
      "comment": "",
      "coverOf": ""
    },
    {
      "order": 12,
      "song": "The Antichrist",
      "feat": "",
      "note": "",
      "comment": "",
      "coverOf": ""
    },
    {
      "order": 13,
      "song": "At Dawn They Sleep",
      "feat": "",
      "note": "",
      "comment": "",
      "coverOf": ""
    },
    {
      "order": 14,
      "song": "Show No Mercy",
      "feat": "",
      "note": "",
      "comment": "",
      "coverOf": ""
    },
    {
      "order": 15,
      "song": "Chemical Warfare",
      "feat": "",
      "note": "",
      "comment": "",
      "coverOf": ""
    }
  ],
  "extras": []
}