{
  "originalTitle": "Slipknot - 15.11.2008 - Berlin - Germany - Arena Treptow (Source 1)",
  "created": 1747163451,
  "lastUpdated": 1747163451,
  "bands": [
    "Slipknot"
  ],
  "startDate": {
    "day": "15",
    "month": "11",
    "year": "2008"
  },
  "startDateUnix": 1226707200,
  "endDate": {
    "day": "15",
    "month": "11",
    "year": "2008"
  },
  "endDateUnix": 1226707200,
  "location": {
    "city": "Berlin",
    "state": "",
    "country": "Germany",
    "venue": "Arena Treptow",
    "event": ""
  },
  "tvChannel": "",
  "showName": "",
  "source": "Source 1",
  "category": [
    "video"
  ],
  "master": false,
  "public": true,
  "ownIdentifier": "HDD#O",
  "tradeLabel": "",
  "authoredBy": "",
  "transferredBy": "",
  "notes": "",
  "tapers": [
    "CrueFreak"
  ],
  "specs": {
    "media": [
      {
        "type": "DVD-5",
        "size": 809,
        "unit": "Mb"
      }
    ],
    "chapters": false,
    "menu": true,
    "length": 697,
    "video": [
      {
        "tvFormat": "PAL",
        "ratio": "4:3",
        "resolution": "720x576",
        "bitrateType": "VBR",
        "bitrateKbps": null,
        "fps": "",
        "standard": "",
        "codec": "",
        "letterboxed": false
      }
    ],
    "audio": [
      {
        "language": "",
        "codec": "LPCM",
        "rateHz": null,
        "bitrateKbps": null,
        "channels": 2
      }
    ],
    "sourceDetail": {
      "recordingType": "AMT",
      "sourceMediaType": "",
      "finalMediaType": "",
      "fileFormat": "DVD"
    }
  },
  "relatedShows": [],
  "childOf": "",
  "images": [
    {
      "folder": "1",
      "filename": "23413.jpg",
      "externalId": "1ERmDv4XGyyUu4UeW77loLTz0-iqZMjlp"
    },
    {
      "folder": "1",
      "filename": "82243.jpg",
      "externalId": "1QkGcos9VTxz_FlsTn7ISwfm8TpGpiWe2"
    },
    {
      "folder": "1",
      "filename": "84238.jpg",
      "externalId": "19-AT831aEM8TicFk_ZwH9DRIG_2AYPsW"
    },
    {
      "folder": "1",
      "filename": "05075.jpg",
      "externalId": "1bs2YmNdrCOs_PfIwAzQoJ06HAuipOGW8"
    }
  ],
  "setlist": [
    {
      "order": 1,
      "song": "Iowa (Intro)",
      "feat": "",
      "note": "",
      "coverOf": ""
    },
    {
      "order": 2,
      "song": "Surfacing",
      "feat": "",
      "note": "incomplete",
      "coverOf": ""
    },
    {
      "order": 3,
      "song": "(Sic)",
      "feat": "",
      "note": "",
      "coverOf": ""
    }
  ],
  "extras": []
}