{
  "originalTitle": "Slipknot - 12.02.2000 - Melbourne - VIC - Australia - Festival Hall (Source 1)",
  "created": 1748629086,
  "lastUpdated": 1748629086,
  "bands": [
    "Slipknot"
  ],
  "startDate": {
    "day": "12",
    "month": "02",
    "year": "2000"
  },
  "startDateUnix": 950313600,
  "endDate": {
    "day": "12",
    "month": "02",
    "year": "2000"
  },
  "endDateUnix": 950313600,
  "location": {
    "city": "Melbourne",
    "state": "VIC",
    "country": "Australia",
    "venue": "",
    "event": "Festival Hall"
  },
  "tvChannel": "",
  "showName": "",
  "source": "Source 1",
  "category": [
    "video"
  ],
  "master": false,
  "public": true,
  "ownIdentifier": "HDD#O",
  "tradeLabel": "",
  "authoredBy": "",
  "transferredBy": "",
  "notes": "Left angle.",
  "tapers": [],
  "specs": {
    "media": [
      {
        "type": "DVD-5",
        "size": 2.2,
        "unit": "Gb"
      }
    ],
    "chapters": false,
    "menu": false,
    "length": 3879,
    "video": [
      {
        "tvFormat": "PAL",
        "ratio": "4:3",
        "resolution": "720x576",
        "bitrateType": "VBR",
        "bitrateKbps": null,
        "fps": "",
        "standard": "",
        "codec": "",
        "letterboxed": false
      }
    ],
    "audio": [
      {
        "language": "",
        "codec": "MPEG1",
        "rateHz": null,
        "bitrateKbps": null,
        "channels": 2
      }
    ],
    "sourceDetail": {
      "recordingType": "AMT",
      "sourceMediaType": "VHS",
      "finalMediaType": "",
      "fileFormat": "DVD"
    }
  },
  "relatedShows": [],
  "childOf": "",
  "images": [
    {
      "folder": "2",
      "filename": "92613.jpg",
      "externalId": "1iNz7zvOLg4bDn8PAOmRNPRJ3SKm4NyDb"
    },
    {
      "folder": "2",
      "filename": "19080.jpg",
      "externalId": "1xpu1cadKPFSGY6Msi-5SkI7kNW8n54IF"
    },
    {
      "folder": "2",
      "filename": "06960.jpg",
      "externalId": "1HJ-Q6yOjBuoUeu2LLwVEBTsGDLwghqdR"
    },
    {
      "folder": "2",
      "filename": "21057.jpg",
      "externalId": "1YUmfNctQnC5FW5f2NcW-3AAAqXD_xzEP"
    }
  ],
  "setlist": [
    {
      "order": 1,
      "song": "742617000027",
      "feat": "",
      "note": "",
      "comment": "",
      "coverOf": ""
    },
    {
      "order": 2,
      "song": "(Sic)",
      "feat": "",
      "note": "",
      "comment": "",
      "coverOf": ""
    },
    {
      "order": 3,
      "song": "Eyeless",
      "feat": "",
      "note": "",
      "comment": "",
      "coverOf": ""
    },
    {
      "order": 4,
      "song": "Wait and Bleed",
      "feat": "",
      "note": "",
      "comment": "",
      "coverOf": ""
    },
    {
      "order": 5,
      "song": "Liberate",
      "feat": "",
      "note": "",
      "comment": "",
      "coverOf": ""
    },
    {
      "order": 6,
      "song": "Surfacing",
      "feat": "",
      "note": "",
      "comment": "",
      "coverOf": ""
    },
    {
      "order": 7,
      "song": "Purity",
      "feat": "",
      "note": "",
      "comment": "",
      "coverOf": ""
    },
    {
      "order": 8,
      "song": "Me Inside",
      "feat": "",
      "note": "",
      "comment": "",
      "coverOf": ""
    },
    {
      "order": 9,
      "song": "Spit It Out",
      "feat": "",
      "note": "",
      "comment": "",
      "coverOf": ""
    },
    {
      "order": 10,
      "song": "Get This",
      "feat": "",
      "note": "",
      "comment": "",
      "coverOf": ""
    },
    {
      "order": 11,
      "song": "Scissors",
      "feat": "",
      "note": "",
      "comment": "",
      "coverOf": ""
    }
  ],
  "extras": []
}