{
  "originalTitle": "Slipknot - 12.06.2005 - Donington - England - Donington Park - Download Festival (Source 1)",
  "created": 1748629086,
  "lastUpdated": 1748629086,
  "bands": [
    "Slipknot"
  ],
  "startDate": {
    "day": "12",
    "month": "06",
    "year": "2005"
  },
  "startDateUnix": 1118534400,
  "endDate": {
    "day": "12",
    "month": "06",
    "year": "2005"
  },
  "endDateUnix": 1118534400,
  "location": {
    "city": "Donington",
    "state": "",
    "country": "England",
    "venue": "Donington Park",
    "event": "Download Festival"
  },
  "tvChannel": "",
  "showName": "",
  "source": "Source 1",
  "category": [
    "video"
  ],
  "master": false,
  "public": true,
  "ownIdentifier": "HDD#O",
  "tradeLabel": "",
  "authoredBy": "",
  "transferredBy": "",
  "notes": "",
  "tapers": [],
  "specs": {
    "media": [
      {
        "type": "DVD-5",
        "size": 2.74,
        "unit": "Gb"
      }
    ],
    "chapters": false,
    "menu": false,
    "length": 4574,
    "video": [
      {
        "tvFormat": "PAL",
        "ratio": "4:3",
        "resolution": "720x576",
        "bitrateType": "VBR",
        "bitrateKbps": null,
        "fps": "",
        "standard": "",
        "codec": "",
        "letterboxed": false
      }
    ],
    "audio": [
      {
        "language": "",
        "codec": "AC3",
        "rateHz": null,
        "bitrateKbps": null,
        "channels": 2
      }
    ],
    "sourceDetail": {
      "recordingType": "AMT",
      "sourceMediaType": "VHS",
      "finalMediaType": "",
      "fileFormat": "DVD"
    }
  },
  "relatedShows": [],
  "childOf": "",
  "images": [
    {
      "folder": "1",
      "filename": "16563.jpg",
      "externalId": "1PDHhWl6Kl9RBQQIa3d7if6sFukkDV2YP"
    },
    {
      "folder": "1",
      "filename": "53188.jpg",
      "externalId": "10YBG31NEQePjmI7MogBHcGB_o4XEx0_J"
    },
    {
      "folder": "1",
      "filename": "10826.jpg",
      "externalId": "1v5B68iTdy-MD_7sooNfqcxq-qs8JiRFk"
    },
    {
      "folder": "1",
      "filename": "10157.jpg",
      "externalId": "1W8Uu0vos6hIiVcHzrYwHT9dMTDB5pw9l"
    }
  ],
  "setlist": [
    {
      "order": 1,
      "song": "Prelude 3.0",
      "feat": "",
      "note": "",
      "comment": "",
      "coverOf": ""
    },
    {
      "order": 2,
      "song": "The Blister Exist",
      "feat": "",
      "note": "",
      "comment": "",
      "coverOf": ""
    },
    {
      "order": 3,
      "song": "(Sic)",
      "feat": "",
      "note": "",
      "comment": "",
      "coverOf": ""
    },
    {
      "order": 4,
      "song": "Disasterpiece",
      "feat": "",
      "note": "",
      "comment": "",
      "coverOf": ""
    },
    {
      "order": 5,
      "song": "Before I Forget",
      "feat": "",
      "note": "",
      "comment": "",
      "coverOf": ""
    },
    {
      "order": 6,
      "song": "Left Behind",
      "feat": "",
      "note": "",
      "comment": "",
      "coverOf": ""
    },
    {
      "order": 7,
      "song": "Vermilion",
      "feat": "",
      "note": "",
      "comment": "",
      "coverOf": ""
    },
    {
      "order": 8,
      "song": "Pulse of the Maggots",
      "feat": "",
      "note": "",
      "comment": "",
      "coverOf": ""
    },
    {
      "order": 9,
      "song": "Everything Ends",
      "feat": "",
      "note": "",
      "comment": "",
      "coverOf": ""
    },
    {
      "order": 10,
      "song": "The Heretic Anthem",
      "feat": "",
      "note": "",
      "comment": "",
      "coverOf": ""
    },
    {
      "order": 11,
      "song": "Duality",
      "feat": "",
      "note": "",
      "comment": "",
      "coverOf": ""
    },
    {
      "order": 12,
      "song": "Spit It Out",
      "feat": "",
      "note": "",
      "comment": "",
      "coverOf": ""
    },
    {
      "order": 13,
      "song": "People = Shit",
      "feat": "",
      "note": "",
      "comment": "",
      "coverOf": ""
    },
    {
      "order": 14,
      "song": "Wait and Bleed",
      "feat": "",
      "note": "",
      "comment": "",
      "coverOf": ""
    },
    {
      "order": 15,
      "song": "Surfacing",
      "feat": "",
      "note": "",
      "comment": "",
      "coverOf": ""
    }
  ],
  "extras": []
}