{
  "originalTitle": "Slipknot - 03.02.2015 - Milan - Italy - Forum",
  "created": 1748629086,
  "lastUpdated": 1748629086,
  "bands": [
    "Slipknot"
  ],
  "startDate": {
    "day": "03",
    "month": "02",
    "year": "2015"
  },
  "startDateUnix": 1422921600,
  "endDate": {
    "day": "03",
    "month": "02",
    "year": "2015"
  },
  "endDateUnix": 1422921600,
  "location": {
    "city": "Milan",
    "state": "",
    "country": "Italy",
    "venue": "Forum",
    "event": ""
  },
  "tvChannel": "",
  "showName": "",
  "source": "",
  "category": [
    "video"
  ],
  "master": false,
  "public": true,
  "ownIdentifier": "HDD#С",
  "tradeLabel": "",
  "authoredBy": "",
  "transferredBy": "",
  "notes": "Great recording! Good sound quality, nice close-ups of every member, steady, no major obstructions. Loss of picture quality due to digital zooming,",
  "tapers": [
    "Peter Cs."
  ],
  "specs": {
    "media": [
      {
        "type": "BD-25",
        "size": 14.6,
        "unit": "Gb"
      }
    ],
    "chapters": true,
    "menu": true,
    "length": 5277,
    "video": [
      {
        "tvFormat": "",
        "ratio": "",
        "resolution": "1920x1080",
        "bitrateType": "",
        "bitrateKbps": null,
        "fps": "25",
        "standard": "MPEG4",
        "codec": "H264",
        "letterboxed": false
      }
    ],
    "audio": [
      {
        "language": "",
        "codec": "AC3",
        "rateHz": 48000,
        "bitrateKbps": 256,
        "channels": 2
      }
    ],
    "sourceDetail": {
      "recordingType": "AMT",
      "sourceMediaType": "HD",
      "finalMediaType": "BD",
      "fileFormat": "M2TS"
    }
  },
  "relatedShows": [],
  "childOf": "",
  "images": [
    {
      "folder": "56",
      "filename": "34617297.jpg",
      "externalId": "1jXUrXO1zUuW6qu-bArqiMP-R8DLI9kU8"
    },
    {
      "folder": "56",
      "filename": "14181206.jpg",
      "externalId": "1McNSusXU056pGn08Zh3N8ExhxfHi_fxA"
    },
    {
      "folder": "56",
      "filename": "27823877.jpg",
      "externalId": "1qJAUwGbP_czpYMW6WIy_ZLbtsMcVvQVC"
    },
    {
      "folder": "56",
      "filename": "44326769.jpg",
      "externalId": "1rpWMWVQFHjtzSa3kLok0kWdKF7cxjX_n"
    }
  ],
  "setlist": [
    {
      "order": 1,
      "song": "XIX",
      "feat": "",
      "note": "tape",
      "comment": "",
      "coverOf": ""
    },
    {
      "order": 2,
      "song": "Sarcastrophe",
      "feat": "",
      "note": "incomplete",
      "comment": "",
      "coverOf": ""
    },
    {
      "order": 3,
      "song": "The Heretic Anthem",
      "feat": "",
      "note": "",
      "comment": "",
      "coverOf": ""
    },
    {
      "order": 4,
      "song": "My Plague",
      "feat": "",
      "note": "",
      "comment": "",
      "coverOf": ""
    },
    {
      "order": 5,
      "song": "The Devil In I",
      "feat": "",
      "note": "",
      "comment": "",
      "coverOf": ""
    },
    {
      "order": 6,
      "song": "Psychosocial",
      "feat": "",
      "note": "",
      "comment": "",
      "coverOf": ""
    },
    {
      "order": 7,
      "song": "The Negative One",
      "feat": "",
      "note": "",
      "comment": "",
      "coverOf": ""
    },
    {
      "order": 8,
      "song": "Eeyore",
      "feat": "",
      "note": "",
      "comment": "",
      "coverOf": ""
    },
    {
      "order": 9,
      "song": "Liberate",
      "feat": "",
      "note": "",
      "comment": "",
      "coverOf": ""
    },
    {
      "order": 10,
      "song": "Frail Limb Nursery",
      "feat": "",
      "note": "tape",
      "comment": "",
      "coverOf": ""
    },
    {
      "order": 11,
      "song": "Purity",
      "feat": "",
      "note": "",
      "comment": "",
      "coverOf": ""
    },
    {
      "order": 12,
      "song": "Before I Forget",
      "feat": "",
      "note": "",
      "comment": "",
      "coverOf": ""
    },
    {
      "order": 13,
      "song": "Duality",
      "feat": "",
      "note": "",
      "comment": "",
      "coverOf": ""
    },
    {
      "order": 14,
      "song": "Left Behind",
      "feat": "",
      "note": "",
      "comment": "",
      "coverOf": ""
    },
    {
      "order": 15,
      "song": "Spit It Out",
      "feat": "",
      "note": "",
      "comment": "",
      "coverOf": ""
    },
    {
      "order": 16,
      "song": "Custer",
      "feat": "",
      "note": "",
      "comment": "",
      "coverOf": ""
    },
    {
      "order": 17,
      "song": "742617000027",
      "feat": "",
      "note": "tape",
      "comment": "",
      "coverOf": ""
    },
    {
      "order": 18,
      "song": "(Sic)",
      "feat": "",
      "note": "",
      "comment": "",
      "coverOf": ""
    },
    {
      "order": 19,
      "song": "People = Shit",
      "feat": "",
      "note": "incomplete",
      "comment": "",
      "coverOf": ""
    },
    {
      "order": 20,
      "song": "Surfacing",
      "feat": "",
      "note": "not recorded",
      "comment": "",
      "coverOf": ""
    }
  ],
  "extras": []
}