{
  "originalTitle": "Slipknot - 25.08.2002 - Reading - England - Richfield Avenue - Reading Festival (Source 1)",
  "created": 1748629086,
  "lastUpdated": 1748629086,
  "bands": [
    "Slipknot"
  ],
  "startDate": {
    "day": "25",
    "month": "08",
    "year": "2002"
  },
  "startDateUnix": 1030233600,
  "endDate": {
    "day": "25",
    "month": "08",
    "year": "2002"
  },
  "endDateUnix": 1030233600,
  "location": {
    "city": "Reading",
    "state": "",
    "country": "England",
    "venue": "Richfield Avenue",
    "event": "Reading Festival"
  },
  "tvChannel": "",
  "showName": "",
  "source": "Source 1",
  "category": [
    "video"
  ],
  "master": false,
  "public": true,
  "ownIdentifier": "HDD#O",
  "tradeLabel": "",
  "authoredBy": "",
  "transferredBy": "",
  "notes": "",
  "tapers": [],
  "specs": {
    "media": [
      {
        "type": "DVD-5",
        "size": 1.74,
        "unit": "Gb"
      }
    ],
    "chapters": false,
    "menu": false,
    "length": 3160,
    "video": [
      {
        "tvFormat": "PAL",
        "ratio": "4:3",
        "resolution": "352x576",
        "bitrateType": "VBR",
        "bitrateKbps": null,
        "fps": "",
        "standard": "",
        "codec": "",
        "letterboxed": false
      }
    ],
    "audio": [
      {
        "language": "",
        "codec": "AC3",
        "rateHz": null,
        "bitrateKbps": null,
        "channels": 2
      }
    ],
    "sourceDetail": {
      "recordingType": "AMT",
      "sourceMediaType": "VHS",
      "finalMediaType": "",
      "fileFormat": "DVD"
    }
  },
  "relatedShows": [],
  "childOf": "",
  "images": [
    {
      "folder": "1",
      "filename": "94776.jpg",
      "externalId": "1VJvdfzgN3RSMGf0hUlXYHGNaTBDwybde"
    },
    {
      "folder": "1",
      "filename": "36922.jpg",
      "externalId": "1tGusbbUQB3GuuMgETcQv8KryDI_J4HK4"
    },
    {
      "folder": "1",
      "filename": "24917.jpg",
      "externalId": "1TCBsKPPMtgOX12OSBeBGloivh8mgqzx_"
    },
    {
      "folder": "1",
      "filename": "70791.jpg",
      "externalId": "1ekUldABKTdvB8THcn3wLgk4AJbdrQ0QA"
    }
  ],
  "setlist": [
    {
      "order": 1,
      "song": "(515)",
      "feat": "",
      "note": "",
      "comment": "",
      "coverOf": ""
    },
    {
      "order": 2,
      "song": "People=Shit",
      "feat": "",
      "note": "",
      "comment": "",
      "coverOf": ""
    },
    {
      "order": 3,
      "song": "Liberate",
      "feat": "",
      "note": "",
      "comment": "",
      "coverOf": ""
    },
    {
      "order": 4,
      "song": "Left Behind",
      "feat": "",
      "note": "",
      "comment": "",
      "coverOf": ""
    },
    {
      "order": 5,
      "song": "Eeyore",
      "feat": "",
      "note": "",
      "comment": "",
      "coverOf": ""
    },
    {
      "order": 6,
      "song": "Disasterpiece",
      "feat": "",
      "note": "",
      "comment": "",
      "coverOf": ""
    },
    {
      "order": 7,
      "song": "Purity",
      "feat": "",
      "note": "",
      "comment": "",
      "coverOf": ""
    },
    {
      "order": 8,
      "song": "Eyeless",
      "feat": "",
      "note": "",
      "comment": "",
      "coverOf": ""
    },
    {
      "order": 9,
      "song": "My Plague",
      "feat": "",
      "note": "",
      "comment": "",
      "coverOf": ""
    },
    {
      "order": 10,
      "song": "The Heretic Anthem",
      "feat": "",
      "note": "",
      "comment": "",
      "coverOf": ""
    },
    {
      "order": 11,
      "song": "Spit It Out",
      "feat": "",
      "note": "",
      "comment": "",
      "coverOf": ""
    },
    {
      "order": 12,
      "song": "Wait and Bleed",
      "feat": "",
      "note": "",
      "comment": "",
      "coverOf": ""
    },
    {
      "order": 13,
      "song": "742617000027",
      "feat": "",
      "note": "",
      "comment": "",
      "coverOf": ""
    },
    {
      "order": 14,
      "song": "(Sic)",
      "feat": "",
      "note": "",
      "comment": "",
      "coverOf": ""
    },
    {
      "order": 15,
      "song": "Surfacing",
      "feat": "",
      "note": "",
      "comment": "",
      "coverOf": ""
    }
  ],
  "extras": []
}