{
  "originalTitle": "Slipknot - 07.12.2008 - Birmingham - England - NIA",
  "created": 1748629086,
  "lastUpdated": 1748629086,
  "bands": [
    "Slipknot"
  ],
  "startDate": {
    "day": "07",
    "month": "12",
    "year": "2008"
  },
  "startDateUnix": 1228608000,
  "endDate": {
    "day": "07",
    "month": "12",
    "year": "2008"
  },
  "endDateUnix": 1228608000,
  "location": {
    "city": "Birmingham",
    "state": "",
    "country": "England",
    "venue": "NIA",
    "event": ""
  },
  "tvChannel": "",
  "showName": "",
  "source": "",
  "category": [
    "video"
  ],
  "master": false,
  "public": true,
  "ownIdentifier": "HDD#O",
  "tradeLabel": "",
  "authoredBy": "",
  "transferredBy": "",
  "notes": "Good sound, but video is not so great.",
  "tapers": [
    "MinionOfDoom666"
  ],
  "specs": {
    "media": [
      {
        "type": "DVD-5",
        "size": 3.34,
        "unit": "Gb"
      }
    ],
    "chapters": true,
    "menu": true,
    "length": 3382,
    "video": [
      {
        "tvFormat": "NTSC",
        "ratio": "4:3",
        "resolution": "720x480",
        "bitrateType": "VBR",
        "bitrateKbps": null,
        "fps": "",
        "standard": "",
        "codec": "",
        "letterboxed": false
      }
    ],
    "audio": [
      {
        "language": "en",
        "codec": "MPEG1",
        "rateHz": null,
        "bitrateKbps": null,
        "channels": 2
      }
    ],
    "sourceDetail": {
      "recordingType": "AMT",
      "sourceMediaType": "Digicam",
      "finalMediaType": "",
      "fileFormat": "DVD"
    }
  },
  "relatedShows": [],
  "childOf": "",
  "images": [
    {
      "folder": "1",
      "filename": "20931.jpg",
      "externalId": "17Vi02YTGdk39sZOKvNhE70-pYPGHiSpk"
    },
    {
      "folder": "1",
      "filename": "29008.jpg",
      "externalId": "1TExVhEf55JEKai2DJLeXkaaxBLcD6RCK"
    },
    {
      "folder": "1",
      "filename": "20620.jpg",
      "externalId": "1oM1wVRIl2NRr7MvqCXKHF6NYQWFEGGlq"
    },
    {
      "folder": "1",
      "filename": "36660.jpg",
      "externalId": "1ROMG1YPf2WZMIU_Hef8Li0H1vFVyhln_"
    }
  ],
  "setlist": [
    {
      "order": 1,
      "song": "Surfacing",
      "feat": "",
      "note": "",
      "comment": "",
      "coverOf": ""
    },
    {
      "order": 2,
      "song": "The Blister Exists",
      "feat": "",
      "note": "",
      "comment": "",
      "coverOf": ""
    },
    {
      "order": 3,
      "song": "Get This",
      "feat": "",
      "note": "",
      "comment": "",
      "coverOf": ""
    },
    {
      "order": 4,
      "song": "Before I Forget",
      "feat": "",
      "note": "",
      "comment": "",
      "coverOf": ""
    },
    {
      "order": 5,
      "song": "Liberate",
      "feat": "",
      "note": "",
      "comment": "",
      "coverOf": ""
    },
    {
      "order": 6,
      "song": "Disasterpiece",
      "feat": "",
      "note": "",
      "comment": "",
      "coverOf": ""
    },
    {
      "order": 7,
      "song": "Dead Memories",
      "feat": "",
      "note": "",
      "comment": "",
      "coverOf": ""
    },
    {
      "order": 8,
      "song": "Psychosocial",
      "feat": "",
      "note": "",
      "comment": "",
      "coverOf": ""
    },
    {
      "order": 9,
      "song": "The Heretic Anthem",
      "feat": "",
      "note": "",
      "comment": "",
      "coverOf": ""
    },
    {
      "order": 10,
      "song": "Prosthetics",
      "feat": "",
      "note": "",
      "comment": "",
      "coverOf": ""
    },
    {
      "order": 11,
      "song": "Spit It Out",
      "feat": "",
      "note": "",
      "comment": "",
      "coverOf": ""
    },
    {
      "order": 12,
      "song": "Duality",
      "feat": "",
      "note": "",
      "comment": "",
      "coverOf": ""
    },
    {
      "order": 13,
      "song": "Only One",
      "feat": "",
      "note": "",
      "comment": "",
      "coverOf": ""
    },
    {
      "order": 14,
      "song": "People = Shit",
      "feat": "",
      "note": "",
      "comment": "",
      "coverOf": ""
    },
    {
      "order": 15,
      "song": "(Sic)",
      "feat": "",
      "note": "",
      "comment": "",
      "coverOf": ""
    }
  ],
  "extras": []
}