{
  "originalTitle": "Slipknot - 22.10.2016 - Bogota - Colombia - Hipodromo De Los Andes (Source 2)",
  "created": 1748629086,
  "lastUpdated": 1748629086,
  "bands": [
    "Slipknot"
  ],
  "startDate": {
    "day": "22",
    "month": "10",
    "year": "2016"
  },
  "startDateUnix": 1477094400,
  "endDate": {
    "day": "22",
    "month": "10",
    "year": "2016"
  },
  "endDateUnix": 1477094400,
  "location": {
    "city": "Bogota",
    "state": "",
    "country": "Colombia",
    "venue": "Hipodromo De Los Andes",
    "event": ""
  },
  "tvChannel": "",
  "showName": "",
  "source": "Source 2",
  "category": [
    "video"
  ],
  "master": false,
  "public": true,
  "ownIdentifier": "HDD#B",
  "tradeLabel": "",
  "authoredBy": "",
  "transferredBy": "",
  "notes": "",
  "tapers": [
    "Antihero"
  ],
  "specs": {
    "media": [
      {
        "type": "BD-25",
        "size": 14.3,
        "unit": "Gb"
      }
    ],
    "chapters": false,
    "menu": false,
    "length": 6434,
    "video": [
      {
        "tvFormat": "",
        "ratio": "",
        "resolution": "1920x1080",
        "bitrateType": "",
        "bitrateKbps": 19007,
        "fps": "25",
        "standard": "MPEG4",
        "codec": "H264",
        "letterboxed": false
      }
    ],
    "audio": [
      {
        "language": "",
        "codec": "AAC",
        "rateHz": 48000,
        "bitrateKbps": 197,
        "channels": 2
      }
    ],
    "sourceDetail": {
      "recordingType": "AMT",
      "sourceMediaType": "HD",
      "finalMediaType": "",
      "fileFormat": "MP4"
    }
  },
  "relatedShows": [],
  "childOf": "",
  "images": [
    {
      "folder": "83",
      "filename": "36554738.jpg",
      "externalId": "1WebBaYfnh3Y0djAZg8d7lIzpqaXqWBtu"
    },
    {
      "folder": "83",
      "filename": "30912683.jpg",
      "externalId": "1GoC9ty8HGXwmVJPx1SC5MC-7KyB4jMiD"
    },
    {
      "folder": "83",
      "filename": "63080103.jpg",
      "externalId": "1Aa5dzdLNWx_w87wD9yBiXL1pIK0k78PL"
    },
    {
      "folder": "83",
      "filename": "21556239.jpg",
      "externalId": "1uCU6iwaF_WSIAvP4BRAa6bbVbp3wNuHl"
    }
  ],
  "setlist": [
    {
      "order": 1,
      "song": "Be Prepared For Hell",
      "feat": "",
      "note": "tape",
      "comment": "",
      "coverOf": ""
    },
    {
      "order": 2,
      "song": "The Negative One",
      "feat": "",
      "note": "",
      "comment": "",
      "coverOf": ""
    },
    {
      "order": 3,
      "song": "Disasterpiece",
      "feat": "",
      "note": "",
      "comment": "",
      "coverOf": ""
    },
    {
      "order": 4,
      "song": "Eyeless",
      "feat": "",
      "note": "",
      "comment": "",
      "coverOf": ""
    },
    {
      "order": 5,
      "song": "Before I Forget",
      "feat": "",
      "note": "",
      "comment": "",
      "coverOf": ""
    },
    {
      "order": 6,
      "song": "The Shape",
      "feat": "",
      "note": "",
      "comment": "",
      "coverOf": ""
    },
    {
      "order": 7,
      "song": "Killpop",
      "feat": "",
      "note": "",
      "comment": "",
      "coverOf": ""
    },
    {
      "order": 8,
      "song": "Dead Memories",
      "feat": "",
      "note": "",
      "comment": "",
      "coverOf": ""
    },
    {
      "order": 9,
      "song": "The Heretic Anthem",
      "feat": "",
      "note": "",
      "comment": "",
      "coverOf": ""
    },
    {
      "order": 10,
      "song": "Psychosocial",
      "feat": "",
      "note": "",
      "comment": "",
      "coverOf": ""
    },
    {
      "order": 11,
      "song": "Left Behind",
      "feat": "",
      "note": "",
      "comment": "",
      "coverOf": ""
    },
    {
      "order": 12,
      "song": "Custer",
      "feat": "",
      "note": "",
      "comment": "",
      "coverOf": ""
    },
    {
      "order": 13,
      "song": "The Devil In I",
      "feat": "",
      "note": "",
      "comment": "",
      "coverOf": ""
    },
    {
      "order": 14,
      "song": "Skin Ticket",
      "feat": "",
      "note": "",
      "comment": "",
      "coverOf": ""
    },
    {
      "order": 15,
      "song": "Wait And Bleed",
      "feat": "",
      "note": "",
      "comment": "",
      "coverOf": ""
    },
    {
      "order": 16,
      "song": "(Sic)",
      "feat": "",
      "note": "",
      "comment": "",
      "coverOf": ""
    },
    {
      "order": 17,
      "song": "Surfacing",
      "feat": "",
      "note": "",
      "comment": "",
      "coverOf": ""
    },
    {
      "order": 18,
      "song": "Duality",
      "feat": "",
      "note": "",
      "comment": "",
      "coverOf": ""
    },
    {
      "order": 19,
      "song": "Spit It Out",
      "feat": "",
      "note": "",
      "comment": "",
      "coverOf": ""
    },
    {
      "order": 20,
      "song": "Til We Die",
      "feat": "",
      "note": "tape",
      "comment": "",
      "coverOf": ""
    }
  ],
  "extras": []
}