{
  "originalTitle": "Slipknot - 26.03.2002 - Kawasaki - Japan - Club Citta [AUDIO]",
  "created": 1748629086,
  "lastUpdated": 1748629086,
  "bands": [
    "Slipknot"
  ],
  "startDate": {
    "day": "26",
    "month": "03",
    "year": "2002"
  },
  "startDateUnix": 1017100800,
  "endDate": {
    "day": "26",
    "month": "03",
    "year": "2002"
  },
  "endDateUnix": 1017100800,
  "location": {
    "city": "Kawasaki",
    "state": "",
    "country": "Japan",
    "venue": "Club Citta",
    "event": ""
  },
  "tvChannel": "",
  "showName": "",
  "source": "",
  "category": [
    "audio"
  ],
  "master": false,
  "public": false,
  "ownIdentifier": "HDD#O",
  "tradeLabel": "",
  "authoredBy": "",
  "transferredBy": "",
  "notes": "",
  "tapers": [],
  "specs": {
    "media": [
      {
        "type": "CD",
        "size": 181,
        "unit": "Mb"
      }
    ],
    "chapters": false,
    "menu": false,
    "length": 4765,
    "video": {
      "format": "",
      "ratio": "",
      "resolution": "",
      "bitrateType": "",
      "bitrateKbps": null,
      "letterboxed": false
    },
    "audio": [
      {
        "language": "",
        "codec": "",
        "rateHz": 44100,
        "bitrateKbps": 320,
        "channels": 2
      }
    ],
    "sourceDetail": {
      "recordingType": "AMT",
      "sourceMediaType": "",
      "finalMediaType": "",
      "fileFormat": "MP3"
    }
  },
  "relatedShows": [],
  "childOf": "",
  "images": [],
  "setlist": [
    {
      "order": 1,
      "song": "(515) (PA)",
      "feat": "",
      "note": "",
      "comment": "",
      "coverOf": ""
    },
    {
      "order": 2,
      "song": "People = Shit",
      "feat": "",
      "note": "",
      "comment": "",
      "coverOf": ""
    },
    {
      "order": 3,
      "song": "Liberate",
      "feat": "",
      "note": "",
      "comment": "",
      "coverOf": ""
    },
    {
      "order": 4,
      "song": "Left Behind",
      "feat": "",
      "note": "",
      "comment": "",
      "coverOf": ""
    },
    {
      "order": 5,
      "song": "Eeyore",
      "feat": "",
      "note": "",
      "comment": "",
      "coverOf": ""
    },
    {
      "order": 6,
      "song": "Disasterpiece",
      "feat": "",
      "note": "",
      "comment": "",
      "coverOf": ""
    },
    {
      "order": 7,
      "song": "Purity",
      "feat": "",
      "note": "",
      "comment": "",
      "coverOf": ""
    },
    {
      "order": 8,
      "song": "Gently",
      "feat": "",
      "note": "",
      "comment": "",
      "coverOf": ""
    },
    {
      "order": 9,
      "song": "Eyeless",
      "feat": "",
      "note": "",
      "comment": "",
      "coverOf": ""
    },
    {
      "order": 10,
      "song": "IOWA",
      "feat": "",
      "note": "tape",
      "comment": "",
      "coverOf": ""
    },
    {
      "order": 11,
      "song": "My Plague",
      "feat": "",
      "note": "",
      "comment": "",
      "coverOf": ""
    },
    {
      "order": 12,
      "song": "The Heretic Anthem",
      "feat": "",
      "note": "",
      "comment": "",
      "coverOf": ""
    },
    {
      "order": 13,
      "song": "Spit It Out",
      "feat": "",
      "note": "",
      "comment": "",
      "coverOf": ""
    },
    {
      "order": 14,
      "song": "Wait And Bleed",
      "feat": "",
      "note": "",
      "comment": "",
      "coverOf": ""
    },
    {
      "order": 15,
      "song": "742617000027",
      "feat": "",
      "note": "tape",
      "comment": "",
      "coverOf": ""
    },
    {
      "order": 16,
      "song": "(Sic)",
      "feat": "",
      "note": "",
      "comment": "",
      "coverOf": ""
    },
    {
      "order": 17,
      "song": "Surfacing",
      "feat": "",
      "note": "",
      "comment": "",
      "coverOf": ""
    }
  ],
  "extras": []
}