{
  "originalTitle": "Slipknot - 29.06.2013 - Dessel - Belgium - Boeretang - Graspop Metal Meeting (Source 2)",
  "created": 1748629086,
  "lastUpdated": 1748629086,
  "bands": [
    "Slipknot"
  ],
  "startDate": {
    "day": "29",
    "month": "06",
    "year": "2013"
  },
  "startDateUnix": 1372464000,
  "endDate": {
    "day": "29",
    "month": "06",
    "year": "2013"
  },
  "endDateUnix": 1372464000,
  "location": {
    "city": "Dessel",
    "state": "",
    "country": "Belgium",
    "venue": "Boeretang",
    "event": "Graspop Metal Meeting"
  },
  "tvChannel": "",
  "showName": "",
  "source": "Source 2",
  "category": [
    "video"
  ],
  "master": false,
  "public": true,
  "ownIdentifier": "HDD#O",
  "tradeLabel": "",
  "authoredBy": "",
  "transferredBy": "",
  "notes": "Good recording!",
  "tapers": [
    "Peter Cs."
  ],
  "specs": {
    "media": [
      {
        "type": "BD-25",
        "size": 11.1,
        "unit": "Gb"
      }
    ],
    "chapters": true,
    "menu": true,
    "length": 5708,
    "video": [
      {
        "tvFormat": "",
        "ratio": "",
        "resolution": "1920x1080",
        "bitrateType": "",
        "bitrateKbps": null,
        "fps": "25",
        "standard": "MPEG4",
        "codec": "H264",
        "letterboxed": false
      }
    ],
    "audio": [
      {
        "language": "",
        "codec": "AC3",
        "rateHz": 48000,
        "bitrateKbps": 256,
        "channels": 2
      }
    ],
    "sourceDetail": {
      "recordingType": "AMT",
      "sourceMediaType": "HD",
      "finalMediaType": "BD",
      "fileFormat": "M2TS"
    }
  },
  "relatedShows": [],
  "childOf": "",
  "images": [
    {
      "folder": "56",
      "filename": "83486225.jpg",
      "externalId": "1-e5hm-llkPD2pcszGO-rdg_6l4vNMnsl"
    },
    {
      "folder": "56",
      "filename": "00208859.jpg",
      "externalId": "1mSrpUBTPz8eKMV-yX5vS3iVCh5DJMXh2"
    },
    {
      "folder": "56",
      "filename": "86728580.jpg",
      "externalId": "1NTBG4fwKf7C1r9fFbDj6geVVcGzBxOHe"
    },
    {
      "folder": "56",
      "filename": "73751269.jpg",
      "externalId": "1LZytQuauY430_x_4xU7WeqcbiTbSgQ0u"
    }
  ],
  "setlist": [
    {
      "order": 1,
      "song": "Get Behind Me Satan And Push (Billie Jo Spears song) (PA)",
      "feat": "",
      "note": "",
      "comment": "",
      "coverOf": ""
    },
    {
      "order": 2,
      "song": "Disasterpiece",
      "feat": "",
      "note": "",
      "comment": "",
      "coverOf": ""
    },
    {
      "order": 3,
      "song": "Liberate",
      "feat": "",
      "note": "",
      "comment": "",
      "coverOf": ""
    },
    {
      "order": 4,
      "song": "Wait And Bleed",
      "feat": "",
      "note": "",
      "comment": "",
      "coverOf": ""
    },
    {
      "order": 5,
      "song": "Get This",
      "feat": "",
      "note": "",
      "comment": "",
      "coverOf": ""
    },
    {
      "order": 6,
      "song": "Before I Forget",
      "feat": "",
      "note": "",
      "comment": "",
      "coverOf": ""
    },
    {
      "order": 7,
      "song": "Eyeless",
      "feat": "",
      "note": "",
      "comment": "",
      "coverOf": ""
    },
    {
      "order": 8,
      "song": "The Blister Exists",
      "feat": "",
      "note": "",
      "comment": "",
      "coverOf": ""
    },
    {
      "order": 9,
      "song": "Dead Memories",
      "feat": "",
      "note": "",
      "comment": "",
      "coverOf": ""
    },
    {
      "order": 10,
      "song": "Sulfur",
      "feat": "",
      "note": "",
      "comment": "",
      "coverOf": ""
    },
    {
      "order": 11,
      "song": "Gently",
      "feat": "",
      "note": "",
      "comment": "",
      "coverOf": ""
    },
    {
      "order": 12,
      "song": "Pulse Of The Maggots",
      "feat": "",
      "note": "",
      "comment": "",
      "coverOf": ""
    },
    {
      "order": 13,
      "song": "The Heretic Anthem",
      "feat": "",
      "note": "",
      "comment": "",
      "coverOf": ""
    },
    {
      "order": 14,
      "song": "Psychosocial",
      "feat": "",
      "note": "",
      "comment": "",
      "coverOf": ""
    },
    {
      "order": 15,
      "song": "Duality",
      "feat": "Korn",
      "note": "",
      "comment": "",
      "coverOf": ""
    },
    {
      "order": 16,
      "song": "Spit It Out",
      "feat": "",
      "note": "",
      "comment": "",
      "coverOf": ""
    },
    {
      "order": 17,
      "song": "742617000027",
      "feat": "",
      "note": "tape",
      "comment": "",
      "coverOf": ""
    },
    {
      "order": 18,
      "song": "(Sic) (cuts out)",
      "feat": "",
      "note": "",
      "comment": "",
      "coverOf": ""
    },
    {
      "order": 19,
      "song": "People = Shit",
      "feat": "",
      "note": "",
      "comment": "",
      "coverOf": ""
    },
    {
      "order": 20,
      "song": "Surfacing",
      "feat": "",
      "note": "",
      "comment": "",
      "coverOf": ""
    },
    {
      "order": 21,
      "song": "Til We Die",
      "feat": "",
      "note": "tape",
      "comment": "",
      "coverOf": ""
    }
  ],
  "extras": []
}