{
  "originalTitle": "Slipknot - 24.01.2016 - Gdansk - Poland - Ergo Arena (Source 1)",
  "created": 1748629086,
  "lastUpdated": 1748629086,
  "bands": [
    "Slipknot"
  ],
  "startDate": {
    "day": "24",
    "month": "01",
    "year": "2016"
  },
  "startDateUnix": 1453593600,
  "endDate": {
    "day": "24",
    "month": "01",
    "year": "2016"
  },
  "endDateUnix": 1453593600,
  "location": {
    "city": "Gdansk",
    "state": "",
    "country": "Poland",
    "venue": "Ergo Arena",
    "event": ""
  },
  "tvChannel": "",
  "showName": "",
  "source": "Source 1",
  "category": [
    "video"
  ],
  "master": true,
  "public": true,
  "ownIdentifier": "HDD#J",
  "tradeLabel": "",
  "authoredBy": "",
  "transferredBy": "",
  "notes": "Few obstructions in the end of the show. Shaky at times.",
  "tapers": [
    "Vortex"
  ],
  "specs": {
    "media": [
      {
        "type": "BD-25",
        "size": 15.8,
        "unit": "Gb"
      }
    ],
    "chapters": true,
    "menu": true,
    "length": 5441,
    "video": [
      {
        "tvFormat": "",
        "ratio": "",
        "resolution": "1920x1080",
        "bitrateType": "",
        "bitrateKbps": null,
        "fps": "50",
        "standard": "MPEG4",
        "codec": "H264",
        "letterboxed": false
      }
    ],
    "audio": [
      {
        "language": "",
        "codec": "AC3",
        "rateHz": 48000,
        "bitrateKbps": 384,
        "channels": 6
      }
    ],
    "sourceDetail": {
      "recordingType": "AMT",
      "sourceMediaType": "HD",
      "finalMediaType": "BD",
      "fileFormat": "M2TS"
    }
  },
  "relatedShows": [],
  "childOf": "",
  "images": [],
  "setlist": []
}