{
  "originalTitle": "Slipknot - 11.06.2000 - Monza - Italy - Stadio Brianteo - Gods Of Metal Festival (Source 1)",
  "created": 1748629086,
  "lastUpdated": 1748629086,
  "bands": [
    "Slipknot"
  ],
  "startDate": {
    "day": "11",
    "month": "06",
    "year": "2000"
  },
  "startDateUnix": 960681600,
  "endDate": {
    "day": "11",
    "month": "06",
    "year": "2000"
  },
  "endDateUnix": 960681600,
  "location": {
    "city": "Monza",
    "state": "",
    "country": "Italy",
    "venue": "Stadio Brianteo",
    "event": "Gods Of Metal Festival"
  },
  "tvChannel": "",
  "showName": "",
  "source": "Source 1",
  "category": [
    "video", "misc", "audio"
  ],
  "master": false,
  "public": true,
  "ownIdentifier": "HDD#O",
  "tradeLabel": "",
  "authoredBy": "",
  "transferredBy": "",
  "notes": "Great show!",
  "tapers": [],
  "specs": {
    "media": [
      {
        "type": "DVD-5",
        "size": 891,
        "unit": "Mb"
      }
    ],
    "chapters": true,
    "menu": false,
    "length": 1048,
    "video": [
      {
        "tvFormat": "PAL",
        "ratio": "4:3",
        "resolution": "720x576",
        "bitrateType": "VBR",
        "bitrateKbps": null,
        "fps": "",
        "standard": "",
        "codec": "",
        "letterboxed": false
      }
    ],
    "audio": [
      {
        "language": "en",
        "codec": "AC3",
        "rateHz": null,
        "bitrateKbps": null,
        "channels": 2
      }
    ],
    "sourceDetail": {
      "recordingType": "PRO",
      "sourceMediaType": "VHS",
      "finalMediaType": "",
      "fileFormat": "DVD"
    }
  },
  "relatedShows": [],
  "childOf": "",
  "images": [
    {
      "folder": "1",
      "filename": "74051.jpg",
      "externalId": "1eGAL0NP5BhGKx5XJcW_ZYuy_0h-KyC4z"
    },
    {
      "folder": "1",
      "filename": "02849.jpg",
      "externalId": "1uKWJIwQ14eCUN-i5IUXFDjvoAdEfdqWc"
    },
    {
      "folder": "1",
      "filename": "82216.jpg",
      "externalId": "1UgmrsNwIG80hQrRjXscPh40mzhWpu6df"
    },
    {
      "folder": "1",
      "filename": "06698.jpg",
      "externalId": "1htdxG85PA-jM6iLx8tUZSHI6VtDux6K7"
    }
  ],
  "setlist": [
    {
      "order": 1,
      "song": "742617000027",
      "feat": "",
      "note": "",
      "comment": "",
      "coverOf": ""
    },
    {
      "order": 2,
      "song": "(Sic)",
      "feat": "",
      "note": "",
      "comment": "",
      "coverOf": ""
    },
    {
      "order": 3,
      "song": "Wait and Bleed",
      "feat": "",
      "note": "",
      "comment": "",
      "coverOf": ""
    },
    {
      "order": 4,
      "song": "No Life",
      "feat": "",
      "note": "",
      "comment": "",
      "coverOf": ""
    },
    {
      "order": 5,
      "song": "Eyeless",
      "feat": "",
      "note": "",
      "comment": "",
      "coverOf": ""
    }
  ],
  "extras": []
}