{
  "originalTitle": "Slipknot - 03.03.2000 - London - England - TV Studios - TF1 Friday (Source 1)",
  "created": 1748629086,
  "lastUpdated": 1748629086,
  "bands": [
    "Slipknot"
  ],
  "startDate": {
    "day": "03",
    "month": "03",
    "year": "2000"
  },
  "startDateUnix": 952041600,
  "endDate": {
    "day": "03",
    "month": "03",
    "year": "2000"
  },
  "endDateUnix": 952041600,
  "location": {
    "city": "London",
    "state": "",
    "country": "England",
    "venue": "TV Studios",
    "event": ""
  },
  "tvChannel": "",
  "showName": "TF1 Friday",
  "source": "Source 1",
  "category": [
    "video"
  ],
  "master": false,
  "public": true,
  "ownIdentifier": "HDD#O",
  "tradeLabel": "",
  "authoredBy": "",
  "transferredBy": "",
  "notes": "",
  "tapers": [],
  "specs": {
    "media": [
      {
        "type": "CD",
        "size": 195,
        "unit": "Mb"
      }
    ],
    "chapters": false,
    "menu": false,
    "length": 226,
    "video": [
      {
        "tvFormat": "NTSC",
        "ratio": "4:3",
        "resolution": "720x480",
        "bitrateType": "VBR",
        "bitrateKbps": null,
        "fps": "",
        "standard": "",
        "codec": "",
        "letterboxed": false
      }
    ],
    "audio": [
      {
        "language": "",
        "codec": "MPEG1",
        "rateHz": null,
        "bitrateKbps": null,
        "channels": 2
      }
    ],
    "sourceDetail": {
      "recordingType": "PRO",
      "sourceMediaType": "",
      "finalMediaType": "",
      "fileFormat": "DVD"
    }
  },
  "relatedShows": [],
  "childOf": "",
  "images": [
    {
      "folder": "1",
      "filename": "81267.jpg",
      "externalId": "1iqzfHad2Fyg7HEdfGreaXE_O1_HQqFJx"
    },
    {
      "folder": "1",
      "filename": "65441.jpg",
      "externalId": "1we5GEVY0u6grzqw_oLOsRhmtND7uB8ot"
    },
    {
      "folder": "1",
      "filename": "18531.jpg",
      "externalId": "1B4N1VYk83Jq-5XxUxrNXY2FQcXAcURyF"
    },
    {
      "folder": "1",
      "filename": "70712.jpg",
      "externalId": "1W1tBnrv-d8K0teL6IPXjXVMl-3hXu49m"
    }
  ],
  "setlist": [
    {
      "order": 1,
      "song": "Wait And Bleed",
      "feat": "",
      "note": "",
      "comment": "",
      "coverOf": ""
    }
  ],
  "extras": []
}