{
  "originalTitle": "Slipknot - 15.11.2008 - Berlin - Germany - Arena Treptow (Source 3)",
  "created": 1748629086,
  "lastUpdated": 1748629086,
  "bands": [
    "Slipknot"
  ],
  "startDate": {
    "day": "15",
    "month": "11",
    "year": "2008"
  },
  "startDateUnix": 1226707200,
  "endDate": {
    "day": "15",
    "month": "11",
    "year": "2008"
  },
  "endDateUnix": 1226707200,
  "location": {
    "city": "Berlin",
    "state": "",
    "country": "Germany",
    "venue": "Arena Treptow",
    "event": ""
  },
  "tvChannel": "",
  "showName": "",
  "source": "Source 3",
  "category": [
    "video"
  ],
  "master": false,
  "public": true,
  "ownIdentifier": "HDD#O",
  "tradeLabel": "",
  "authoredBy": "",
  "transferredBy": "",
  "notes": "Bad sound.",
  "tapers": [],
  "specs": {
    "media": [
      {
        "type": "DVD-5",
        "size": 860,
        "unit": "Mb"
      }
    ],
    "chapters": true,
    "menu": true,
    "length": 850,
    "video": [
      {
        "tvFormat": "PAL",
        "ratio": "4:3",
        "resolution": "720x576",
        "bitrateType": "VBR",
        "bitrateKbps": null,
        "fps": "",
        "standard": "",
        "codec": "",
        "letterboxed": false
      }
    ],
    "audio": [
      {
        "language": "en",
        "codec": "MPEG1",
        "rateHz": null,
        "bitrateKbps": null,
        "channels": 2
      }
    ],
    "sourceDetail": {
      "recordingType": "AMT",
      "sourceMediaType": "Digicam",
      "finalMediaType": "",
      "fileFormat": "DVD"
    }
  },
  "relatedShows": [],
  "childOf": "",
  "images": [
    {
      "folder": "1",
      "filename": "72930.jpg",
      "externalId": "1zEdn0QVRPdkZj3XPmeTAolj6k3a3abaZ"
    },
    {
      "folder": "1",
      "filename": "08254.jpg",
      "externalId": "118Vb6W7fu70y6ct2E8pH72zp5S7iUM77"
    },
    {
      "folder": "1",
      "filename": "19351.jpg",
      "externalId": "1sBHx_gwMqRtQj7nPocVqtwBhs4VITtGH"
    },
    {
      "folder": "1",
      "filename": "09146.jpg",
      "externalId": "1NRWWFguJ-6qtq7iZA0KubQmz_oncrluM"
    }
  ],
  "setlist": [
    {
      "order": 1,
      "song": "Dead Memories",
      "feat": "",
      "note": "",
      "comment": "",
      "coverOf": ""
    },
    {
      "order": 2,
      "song": "Psychosocial",
      "feat": "",
      "note": "",
      "comment": "",
      "coverOf": ""
    },
    {
      "order": 3,
      "song": "Prosthetics",
      "feat": "",
      "note": "",
      "comment": "",
      "coverOf": ""
    }
  ],
  "extras": []
}