{
  "originalTitle": "Slipknot - 10.11.2008 - Oslo - Norway - Spektrum",
  "created": 1748629086,
  "lastUpdated": 1748629086,
  "bands": [
    "Slipknot"
  ],
  "startDate": {
    "day": "10",
    "month": "11",
    "year": "2008"
  },
  "startDateUnix": 1226275200,
  "endDate": {
    "day": "10",
    "month": "11",
    "year": "2008"
  },
  "endDateUnix": 1226275200,
  "location": {
    "city": "Oslo",
    "state": "",
    "country": "Norway",
    "venue": "Spektrum",
    "event": ""
  },
  "tvChannel": "",
  "showName": "",
  "source": "",
  "category": [
    "video"
  ],
  "master": false,
  "public": true,
  "ownIdentifier": "HDD#O",
  "tradeLabel": "",
  "authoredBy": "",
  "transferredBy": "",
  "notes": "Incomplete.",
  "tapers": [],
  "specs": {
    "media": [
      {
        "type": "DVD-5",
        "size": 1.3,
        "unit": "Gb"
      }
    ],
    "chapters": false,
    "menu": false,
    "length": 1180,
    "video": [
      {
        "tvFormat": "",
        "ratio": "",
        "resolution": "640x480",
        "bitrateType": "",
        "bitrateKbps": 9489,
        "fps": "25",
        "standard": "Xvid",
        "codec": "",
        "letterboxed": false
      }
    ],
    "audio": [
      {
        "language": "",
        "codec": "",
        "rateHz": 44100,
        "bitrateKbps": 256,
        "channels": 2
      }
    ],
    "sourceDetail": {
      "recordingType": "AMT",
      "sourceMediaType": "VCD",
      "finalMediaType": "",
      "fileFormat": "AVI"
    }
  },
  "relatedShows": [],
  "childOf": "",
  "images": [
    {
      "folder": "68",
      "filename": "57106176.jpg",
      "externalId": "1JZU_vDTqPryxLJkCFPw8kBSFwDZXDSQy"
    },
    {
      "folder": "68",
      "filename": "49486747.jpg",
      "externalId": "1Vah5o90c0153KycvCIQjx_qFNaMeAn_A"
    },
    {
      "folder": "68",
      "filename": "13265266.jpg",
      "externalId": "1aARRG8lxh1Y0drwWGaAe0VW-ThY7ev1C"
    },
    {
      "folder": "68",
      "filename": "30088018.jpg",
      "externalId": "1-HWmvi_wfMaXgqpJaVsZmaYC3NC3Ud8s"
    }
  ],
  "setlist": [
    {
      "order": 1,
      "song": "Prosthetics",
      "feat": "",
      "note": "",
      "comment": "",
      "coverOf": ""
    },
    {
      "order": 2,
      "song": "Spit It Out",
      "feat": "",
      "note": "",
      "comment": "",
      "coverOf": ""
    },
    {
      "order": 3,
      "song": "People = Shit",
      "feat": "",
      "note": "",
      "comment": "",
      "coverOf": ""
    },
    {
      "order": 4,
      "song": "(Sic)",
      "feat": "",
      "note": "",
      "comment": "",
      "coverOf": ""
    }
  ],
  "extras": []
}