{
  "originalTitle": "Slipknot - 03.03.2000 - London - England - TV Studios - TF1 Friday (Source 2)",
  "created": 1748629086,
  "lastUpdated": 1748629086,
  "bands": [
    "Slipknot"
  ],
  "startDate": {
    "day": "03",
    "month": "03",
    "year": "2000"
  },
  "startDateUnix": 952041600,
  "endDate": {
    "day": "03",
    "month": "03",
    "year": "2000"
  },
  "endDateUnix": 952041600,
  "location": {
    "city": "London",
    "state": "",
    "country": "England",
    "venue": "TV Studios",
    "event": ""
  },
  "tvChannel": "",
  "showName": "TF1 Friday",
  "source": "Source 2",
  "category": [
    "video"
  ],
  "master": false,
  "public": true,
  "ownIdentifier": "HDD#J",
  "tradeLabel": "",
  "authoredBy": "",
  "transferredBy": "",
  "notes": "Taken from Official DVD - NT.",
  "tapers": [],
  "specs": {
    "media": [
      {
        "type": "CD",
        "size": 195,
        "unit": "Mb"
      }
    ],
    "chapters": false,
    "menu": false,
    "length": 166,
    "video": [
      {
        "tvFormat": "NTSC",
        "ratio": "4:3",
        "resolution": "720x480",
        "bitrateType": "VBR",
        "bitrateKbps": null,
        "fps": "",
        "standard": "",
        "codec": "",
        "letterboxed": false
      }
    ],
    "audio": [
      {
        "language": "",
        "codec": "AC3",
        "rateHz": null,
        "bitrateKbps": null,
        "channels": 2
      }
    ],
    "sourceDetail": {
      "recordingType": "AMT",
      "sourceMediaType": "VHS",
      "finalMediaType": "",
      "fileFormat": "DVD"
    }
  },
  "relatedShows": [],
  "childOf": "",
  "images": [
    {
      "folder": "46",
      "filename": "31874727.jpg",
      "externalId": "1_9kipZyJts2pjZQwsQq9SzTTDn0YE0HY"
    },
    {
      "folder": "46",
      "filename": "86368263.jpg",
      "externalId": "1KAgG7BzSzYoQfcCeEZLoi1sa9-KEzkbw"
    },
    {
      "folder": "46",
      "filename": "34682715.jpg",
      "externalId": "13nfWQztR5NkgSvZNgDQxz4iIGP20kCG7"
    },
    {
      "folder": "46",
      "filename": "66831111.jpg",
      "externalId": "1PVv5HobTzHPthyG1eCzifL3323YCSh7T"
    }
  ],
  "setlist": [
    {
      "order": 1,
      "song": "Wait And Bleed",
      "feat": "",
      "note": "",
      "comment": "",
      "coverOf": ""
    }
  ],
  "extras": []
}