{
  "originalTitle": "Soundgarden - 06.02.2013 - Portland - OR - USA - Arlene Schnitzer Concert Hall",
  "created": 1748629086,
  "lastUpdated": 1748629086,
  "bands": [
    "Soundgarden"
  ],
  "startDate": {
    "day": "06",
    "month": "02",
    "year": "2013"
  },
  "startDateUnix": 1360108800,
  "endDate": {
    "day": "06",
    "month": "02",
    "year": "2013"
  },
  "endDateUnix": 1360108800,
  "location": {
    "city": "Portland",
    "state": "OR",
    "country": "USA",
    "venue": "Arlene Schnitzer Concert Hall",
    "event": ""
  },
  "tvChannel": "",
  "showName": "",
  "source": "",
  "category": [
    "video"
  ],
  "master": false,
  "public": true,
  "ownIdentifier": "HDD#F",
  "tradeLabel": "",
  "authoredBy": "",
  "transferredBy": "",
  "notes": "",
  "tapers": [
    "Meddle Earth"
  ],
  "specs": {
    "media": [
      {
        "type": "DVD-5",
        "size": 4.59,
        "unit": "Gb"
      }
    ],
    "chapters": true,
    "menu": true,
    "length": 8076,
    "video": [
      {
        "tvFormat": "",
        "ratio": "",
        "resolution": "1920x1080",
        "bitrateType": "",
        "bitrateKbps": null,
        "fps": "29.97",
        "standard": "MPEG4",
        "codec": "H264",
        "letterboxed": false
      }
    ],
    "audio": [
      {
        "language": "",
        "codec": "PCM",
        "rateHz": 48000,
        "bitrateKbps": 3072,
        "channels": 2
      }
    ],
    "sourceDetail": {
      "recordingType": "AMT",
      "sourceMediaType": "HD",
      "finalMediaType": "BD",
      "fileFormat": "M2TS"
    }
  },
  "relatedShows": [],
  "childOf": "",
  "images": [
    {
      "folder": "46",
      "filename": "20489259.jpg",
      "externalId": "14wa8IcVF5hrD-V4qC6_IhN1KbEca5Ohx"
    },
    {
      "folder": "46",
      "filename": "09569413.jpg",
      "externalId": "1_zk57wo9xwkjAi_m5aFr9c80grKZ91h8"
    },
    {
      "folder": "46",
      "filename": "62612945.jpg",
      "externalId": "1eqkYmypNvAeaYxSVB-WRP5C18Q-hbJZK"
    },
    {
      "folder": "46",
      "filename": "70639207.jpg",
      "externalId": "1guYGsL3mK-tCskuMoN6oCWFe1V-71NdX"
    }
  ],
  "setlist": [
    {
      "order": 1,
      "song": "Been Away Too Long",
      "feat": "",
      "note": "",
      "comment": "",
      "coverOf": ""
    },
    {
      "order": 2,
      "song": "My Wave",
      "feat": "",
      "note": "",
      "comment": "",
      "coverOf": ""
    },
    {
      "order": 3,
      "song": "Worse Dreams",
      "feat": "",
      "note": "",
      "comment": "",
      "coverOf": ""
    },
    {
      "order": 4,
      "song": "Jesus Christ Pose",
      "feat": "",
      "note": "",
      "comment": "",
      "coverOf": ""
    },
    {
      "order": 5,
      "song": "Flower",
      "feat": "",
      "note": "",
      "comment": "",
      "coverOf": ""
    },
    {
      "order": 6,
      "song": "Outshined",
      "feat": "",
      "note": "",
      "comment": "",
      "coverOf": ""
    },
    {
      "order": 7,
      "song": "Spoonman",
      "feat": "",
      "note": "",
      "comment": "",
      "coverOf": ""
    },
    {
      "order": 8,
      "song": "Room A Thousand Years Wide",
      "feat": "",
      "note": "",
      "comment": "",
      "coverOf": ""
    },
    {
      "order": 9,
      "song": "Taree",
      "feat": "",
      "note": "",
      "comment": "",
      "coverOf": ""
    },
    {
      "order": 10,
      "song": "Rhinosaur",
      "feat": "",
      "note": "",
      "comment": "",
      "coverOf": ""
    },
    {
      "order": 11,
      "song": "Non-State Actor",
      "feat": "",
      "note": "",
      "comment": "",
      "coverOf": ""
    },
    {
      "order": 12,
      "song": "Loud Love",
      "feat": "",
      "note": "",
      "comment": "",
      "coverOf": ""
    },
    {
      "order": 13,
      "song": "Hunted Down",
      "feat": "",
      "note": "",
      "comment": "",
      "coverOf": ""
    },
    {
      "order": 14,
      "song": "Drawing Flies",
      "feat": "",
      "note": "",
      "comment": "",
      "coverOf": ""
    },
    {
      "order": 15,
      "song": "Blow Up The Outside World",
      "feat": "",
      "note": "",
      "comment": "",
      "coverOf": ""
    },
    {
      "order": 16,
      "song": "Fell On Black Days",
      "feat": "",
      "note": "",
      "comment": "",
      "coverOf": ""
    },
    {
      "order": 17,
      "song": "Big Dumb Sex",
      "feat": "",
      "note": "",
      "comment": "",
      "coverOf": ""
    },
    {
      "order": 18,
      "song": "Tighter & Tighter",
      "feat": "",
      "note": "",
      "comment": "",
      "coverOf": ""
    },
    {
      "order": 19,
      "song": "Ty Cobb",
      "feat": "",
      "note": "",
      "comment": "",
      "coverOf": ""
    },
    {
      "order": 20,
      "song": "Bones Of Birds",
      "feat": "",
      "note": "",
      "comment": "",
      "coverOf": ""
    },
    {
      "order": 21,
      "song": "By Crooked Steps",
      "feat": "",
      "note": "",
      "comment": "",
      "coverOf": ""
    },
    {
      "order": 22,
      "song": "Rowing",
      "feat": "",
      "note": "",
      "comment": "",
      "coverOf": ""
    },
    {
      "order": 23,
      "song": "Rusty Cage",
      "feat": "",
      "note": "",
      "comment": "",
      "coverOf": ""
    },
    {
      "order": 24,
      "song": "Burden In My Hand",
      "feat": "",
      "note": "",
      "comment": "",
      "coverOf": ""
    },
    {
      "order": 25,
      "song": "A Thousand Days Before",
      "feat": "",
      "note": "",
      "comment": "",
      "coverOf": ""
    },
    {
      "order": 26,
      "song": "Slaves & Bulldozers",
      "feat": "",
      "note": "",
      "comment": "",
      "coverOf": ""
    }
  ],
  "extras": []
}