{
  "originalTitle": "The Rolling Stones - 29.06.2013 - Somerset - England - Worthy Farm - Glastonbury Festival (Source 2)",
  "created": 1748629086,
  "lastUpdated": 1748629086,
  "bands": [
    "The Rolling Stones"
  ],
  "startDate": {
    "day": "29",
    "month": "06",
    "year": "2013"
  },
  "startDateUnix": 1372464000,
  "endDate": {
    "day": "29",
    "month": "06",
    "year": "2013"
  },
  "endDateUnix": 1372464000,
  "location": {
    "city": "Somerset",
    "state": "",
    "country": "England",
    "venue": "Worthy Farm",
    "event": "Glastonbury Festival"
  },
  "tvChannel": "",
  "showName": "",
  "source": "Source 2",
  "category": [
    "video"
  ],
  "master": false,
  "public": true,
  "ownIdentifier": "HDD#J",
  "tradeLabel": "",
  "authoredBy": "",
  "transferredBy": "",
  "notes": "BBC2 broadcast.",
  "tapers": [],
  "specs": {
    "media": [
      {
        "type": "DVD-9",
        "size": 5.11,
        "unit": "Gb"
      }
    ],
    "chapters": false,
    "menu": false,
    "length": 4234,
    "video": [
      {
        "tvFormat": "",
        "ratio": "",
        "resolution": "1920x1080",
        "bitrateType": "",
        "bitrateKbps": null,
        "fps": "25.00",
        "standard": "MPEG4",
        "codec": "H264",
        "letterboxed": false
      }
    ],
    "audio": {
      "language": "",
      "codec": "",
      "bitrateKbps": null,
      "channels": null
    },
    "sourceDetail": {
      "type": "",
      "extra": "",
      "medium": ""
    }
  },
  "relatedShows": [],
  "childOf": "",
  "images": [
    {
      "folder": "48",
      "filename": "62793660.jpg",
      "externalId": "1pLChUGBfTobElYzw4p0QlYSlQRuD_HMP"
    },
    {
      "folder": "48",
      "filename": "02262566.jpg",
      "externalId": "1-M5nRfr4pj2nqdtTo5Zs3KN-EiuXYHnc"
    },
    {
      "folder": "48",
      "filename": "78757476.jpg",
      "externalId": "1ZudA_eNYHhoFYwXD18ps8Zlmd5lOf_X7"
    },
    {
      "folder": "48",
      "filename": "86738635.jpg",
      "externalId": "11whVkz5z0od7a40W7533COML18O_mun2"
    }
  ],
  "setlist": [
    {
      "order": 1,
      "song": "Miss You",
      "feat": "",
      "note": "",
      "comment": "",
      "coverOf": ""
    },
    {
      "order": 2,
      "song": "Midnight Rambler",
      "feat": "Mick Taylor",
      "note": "",
      "comment": "",
      "coverOf": ""
    },
    {
      "order": 3,
      "song": "2000 Light Years From Home",
      "feat": "",
      "note": "",
      "comment": "",
      "coverOf": ""
    },
    {
      "order": 4,
      "song": "Sympathy For The Devil",
      "feat": "",
      "note": "",
      "comment": "",
      "coverOf": ""
    },
    {
      "order": 5,
      "song": "Start Me Up",
      "feat": "",
      "note": "",
      "comment": "",
      "coverOf": ""
    },
    {
      "order": 6,
      "song": "Tumbling Dice",
      "feat": "",
      "note": "",
      "comment": "",
      "coverOf": ""
    },
    {
      "order": 7,
      "song": "Brown Sugar",
      "feat": "",
      "note": "",
      "comment": "",
      "coverOf": ""
    },
    {
      "order": 8,
      "song": "You Can't Always Get What You Want",
      "feat": "",
      "note": "",
      "comment": "",
      "coverOf": ""
    },
    {
      "order": 9,
      "song": "(I Can't Get No) Satisfaction (with Mick Taylor)",
      "feat": "",
      "note": "",
      "comment": "",
      "coverOf": ""
    }
  ],
  "extras": []
}