{
  "originalTitle": "The Rolling Stones - 29.06.2013 - Somerset - England - Worthy Farm - Glastonbury Festival (Source 1)",
  "created": 1748629086,
  "lastUpdated": 1748629086,
  "bands": [
    "The Rolling Stones"
  ],
  "startDate": {
    "day": "29",
    "month": "06",
    "year": "2013"
  },
  "startDateUnix": 1372464000,
  "endDate": {
    "day": "29",
    "month": "06",
    "year": "2013"
  },
  "endDateUnix": 1372464000,
  "location": {
    "city": "Somerset",
    "state": "",
    "country": "England",
    "venue": "Worthy Farm",
    "event": "Glastonbury Festival"
  },
  "tvChannel": "",
  "showName": "",
  "source": "Source 1",
  "category": [
    "video"
  ],
  "master": false,
  "public": true,
  "ownIdentifier": "HDD#J",
  "tradeLabel": "",
  "authoredBy": "",
  "transferredBy": "",
  "notes": "",
  "tapers": [],
  "specs": {
    "media": [
      {
        "type": "DVD-5",
        "size": 4.31,
        "unit": "Gb"
      },
      {
        "type": "DVD-5",
        "size": 4.37,
        "unit": "Gb"
      }
    ],
    "chapters": true,
    "menu": true,
    "length": 8205,
    "video": [
      {
        "tvFormat": "PAL",
        "ratio": "16:9",
        "resolution": "720x576",
        "bitrateType": "VBR",
        "bitrateKbps": null,
        "fps": "",
        "standard": "",
        "codec": "",
        "letterboxed": true
      }
    ],
    "audio": [
      {
        "language": "",
        "codec": "MPEG1",
        "rateHz": null,
        "bitrateKbps": null,
        "channels": 2
      }
    ],
    "sourceDetail": {
      "recordingType": "PRO",
      "sourceMediaType": "",
      "finalMediaType": "",
      "fileFormat": "DVD"
    }
  },
  "relatedShows": [],
  "childOf": "",
  "images": [
    {
      "folder": "48",
      "filename": "62887939.jpg",
      "externalId": "1g5hwIEU39tJT0_j1I9DpDpoD4Yy5_gY3"
    },
    {
      "folder": "48",
      "filename": "61461497.jpg",
      "externalId": "1Q6Ay_j78jE3J8hepvSq2J_eMo9ONkZsF"
    },
    {
      "folder": "48",
      "filename": "58615901.jpg",
      "externalId": "1kY_4dfJUMcGpAjuVoT1zHPe3v8iWjPap"
    },
    {
      "folder": "48",
      "filename": "46080588.jpg",
      "externalId": "13r8qtzYSOHVyewi2_qJjmA0ff72-7E1z"
    }
  ],
  "setlist": [
    {
      "order": 1,
      "song": "Jumpin' Jack Flash",
      "feat": "",
      "note": "",
      "comment": "",
      "coverOf": ""
    },
    {
      "order": 2,
      "song": "It's Only Rock 'N' Roll (But I Like It)",
      "feat": "",
      "note": "",
      "comment": "",
      "coverOf": ""
    },
    {
      "order": 3,
      "song": "Paint It Black",
      "feat": "",
      "note": "",
      "comment": "",
      "coverOf": ""
    },
    {
      "order": 4,
      "song": "Gimme Shelter",
      "feat": "",
      "note": "",
      "comment": "",
      "coverOf": ""
    },
    {
      "order": 5,
      "song": "Glastonbury Girl",
      "feat": "",
      "note": "",
      "comment": "",
      "coverOf": ""
    },
    {
      "order": 6,
      "song": "Wild Horses",
      "feat": "",
      "note": "",
      "comment": "",
      "coverOf": ""
    },
    {
      "order": 7,
      "song": "Doom And Gloom",
      "feat": "",
      "note": "",
      "comment": "",
      "coverOf": ""
    },
    {
      "order": 8,
      "song": "Can't You Hear Me Knocking",
      "feat": "Mick Taylor",
      "note": "",
      "comment": "",
      "coverOf": ""
    },
    {
      "order": 9,
      "song": "Honky Tonk Women",
      "feat": "",
      "note": "",
      "comment": "",
      "coverOf": ""
    },
    {
      "order": 10,
      "song": "You Got The Silver",
      "feat": "",
      "note": "",
      "comment": "",
      "coverOf": ""
    },
    {
      "order": 11,
      "song": "Happy",
      "feat": "",
      "note": "",
      "comment": "",
      "coverOf": ""
    },
    {
      "order": 12,
      "song": "Miss You",
      "feat": "",
      "note": "",
      "comment": "",
      "coverOf": ""
    },
    {
      "order": 13,
      "song": "Midnight Rambler",
      "feat": "Mick Taylor",
      "note": "",
      "comment": "",
      "coverOf": ""
    },
    {
      "order": 14,
      "song": "2000 Light Years From Home",
      "feat": "",
      "note": "",
      "comment": "",
      "coverOf": ""
    },
    {
      "order": 15,
      "song": "Sympathy For The Devil",
      "feat": "",
      "note": "",
      "comment": "",
      "coverOf": ""
    },
    {
      "order": 16,
      "song": "Start Me Up",
      "feat": "",
      "note": "",
      "comment": "",
      "coverOf": ""
    },
    {
      "order": 17,
      "song": "Tumbling Dice",
      "feat": "",
      "note": "",
      "comment": "",
      "coverOf": ""
    },
    {
      "order": 18,
      "song": "Brown Sugar",
      "feat": "",
      "note": "",
      "comment": "",
      "coverOf": ""
    },
    {
      "order": 19,
      "song": "You Can't Always Get What You Want",
      "feat": "Voce Chamber Choir and London Youth Choir",
      "note": "",
      "comment": "",
      "coverOf": ""
    },
    {
      "order": 20,
      "song": "(I Can't Get No) Satisfaction (with Mick Taylor)",
      "feat": "",
      "note": "",
      "comment": "",
      "coverOf": ""
    }
  ],
  "extras": []
}