{
  "originalTitle": "The Devil Wears Prada - 25.10.2014 - San Bernardino - CA - USA - San Manuel Amphitheater - KnotFest",
  "created": 1748629086,
  "lastUpdated": 1748629086,
  "bands": [
    "The Devil Wears Prada"
  ],
  "startDate": {
    "day": "25",
    "month": "10",
    "year": "2014"
  },
  "startDateUnix": 1414195200,
  "endDate": {
    "day": "25",
    "month": "10",
    "year": "2014"
  },
  "endDateUnix": 1414195200,
  "location": {
    "city": "San Bernardino",
    "state": "CA",
    "country": "USA",
    "venue": "San Manuel Amphitheater",
    "event": "KnotFest"
  },
  "tvChannel": "",
  "showName": "",
  "source": "",
  "category": [
    "video"
  ],
  "master": true,
  "public": true,
  "ownIdentifier": "",
  "tradeLabel": "",
  "authoredBy": "Vortex",
  "transferredBy": "",
  "notes": "",
  "tapers": [
    "Vortex"
  ],
  "specs": {
    "media": [
      {
        "type": "DVD-9",
        "size": 5.28,
        "unit": "Gb"
      }
    ],
    "chapters": true,
    "menu": true,
    "length": 1923,
    "video": [
      {
        "tvFormat": "",
        "ratio": "",
        "resolution": "1280x720",
        "bitrateType": "",
        "bitrateKbps": null,
        "fps": "59.94",
        "standard": "MPEG2",
        "codec": "",
        "letterboxed": false
      }
    ],
    "audio": [
      {
        "language": "",
        "codec": "AC3",
        "rateHz": 48000,
        "bitrateKbps": 320,
        "channels": 2
      }
    ],
    "sourceDetail": {
      "recordingType": "PRO",
      "sourceMediaType": "WebStream",
      "finalMediaType": "HD",
      "fileFormat": "M2TS"
    }
  },
  "relatedShows": [
    "butcher_babies_25_10_2014_video",
    "king_810_25_10_2014_video",
    "carcass_25_10_2014_video",
    "in_this_moment_25_10_2014_video",
    "testament_25_10_2014_video",
    "black_label_society_25_10_2014_video",
    "anthrax_25_10_2014_video"
  ],
  "childOf": "[VARIOUS ARTISTS] - 25.10.2014 - San Bernardino - CA - USA - San Manuel Amphitheater - KnotFest",
  "images": [
    {
      "folder": "55",
      "filename": "11309087.jpg",
      "externalId": "1ygjP-jBH9dfaqs29Bd5OOhC-UdERkOuY"
    },
    {
      "folder": "55",
      "filename": "62719137.jpg",
      "externalId": "1B47Zr7A6EX6vffftFvN9OLOm2_uHKuD-"
    },
    {
      "folder": "55",
      "filename": "92413825.jpg",
      "externalId": "1HQUyphPgZSh2zt4fTsuekPvwbOTp2FWq"
    },
    {
      "folder": "55",
      "filename": "53594167.jpg",
      "externalId": "1XEH7hKL3OdUE0eNsuPqq80pjszcSINrf"
    }
  ],
  "setlist": [
    {
      "order": 1,
      "song": "Mammoth",
      "feat": "",
      "note": "",
      "comment": "",
      "coverOf": ""
    },
    {
      "order": 2,
      "song": "Gloom",
      "feat": "",
      "note": "",
      "comment": "",
      "coverOf": ""
    },
    {
      "order": 3,
      "song": "Sailor's Prayer",
      "feat": "",
      "note": "",
      "comment": "",
      "coverOf": ""
    },
    {
      "order": 4,
      "song": "Escape",
      "feat": "",
      "note": "",
      "comment": "",
      "coverOf": ""
    },
    {
      "order": 5,
      "song": "Outnumbered",
      "feat": "",
      "note": "",
      "comment": "",
      "coverOf": ""
    },
    {
      "order": 6,
      "song": "Assistant To The Regional Manager",
      "feat": "",
      "note": "",
      "comment": "",
      "coverOf": ""
    },
    {
      "order": 7,
      "song": "Dead Throne",
      "feat": "",
      "note": "",
      "comment": "",
      "coverOf": ""
    },
    {
      "order": 8,
      "song": "Danger: Wildman",
      "feat": "",
      "note": "",
      "comment": "",
      "coverOf": ""
    }
  ],
  "extras": []
}