{
  "originalTitle": "Limp Bizkit - 05.11.2013 - Antwerpen - Belgium - MuziekCentrum Trix [AUDIO]",
  "created": 1748629086,
  "lastUpdated": 1748629086,
  "bands": [
    "Limp Bizkit"
  ],
  "startDate": {
    "day": "05",
    "month": "11",
    "year": "2013"
  },
  "startDateUnix": 1383609600,
  "endDate": {
    "day": "05",
    "month": "11",
    "year": "2013"
  },
  "endDateUnix": 1383609600,
  "location": {
    "city": "Antwerpen",
    "state": "",
    "country": "Belgium",
    "venue": "MuziekCentrum Trix",
    "event": ""
  },
  "tvChannel": "",
  "showName": "",
  "source": "",
  "category": [
    "audio"
  ],
  "master": false,
  "public": true,
  "ownIdentifier": "HDD#O",
  "tradeLabel": "",
  "authoredBy": "",
  "transferredBy": "",
  "notes": "Church Audio CA-11 cardioids (mounted on cap) &gt; iRiver H320 (CF mod, rockbox) &gt; iRiver H320 &gt; PC &gt; Audition 3.0 (volume boost, fade in/out) &gt; CD Wave (splitting + output FLAC Highend Level 8).",
  "tapers": [
    "nowfacethetruth"
  ],
  "specs": {
    "media": [
      {
        "type": "CD",
        "size": 563,
        "unit": "Mb"
      }
    ],
    "chapters": false,
    "menu": false,
    "length": 5317,
    "video": {
      "format": "",
      "ratio": "",
      "resolution": "",
      "bitrateType": "",
      "bitrateKbps": null,
      "letterboxed": false
    },
    "audio": [
      {
        "language": "",
        "codec": "FLAC",
        "rateHz": 44100,
        "bitrateKbps": 1411,
        "channels": 2
      }
    ],
    "sourceDetail": {
      "recordingType": "AMT",
      "sourceMediaType": "",
      "finalMediaType": "",
      "fileFormat": "FLAC"
    }
  },
  "relatedShows": [],
  "childOf": "",
  "images": [],
  "setlist": [
    {
      "order": 1,
      "song": "Intro",
      "feat": "",
      "note": "",
      "comment": "",
      "coverOf": ""
    },
    {
      "order": 2,
      "song": "Welcome To The Jungle",
      "feat": "",
      "note": "",
      "comment": "",
      "coverOf": "Guns N' Roses"
    },
    {
      "order": 3,
      "song": "Rollin' (Air Raid Vehicle)",
      "feat": "",
      "note": "",
      "comment": "",
      "coverOf": ""
    },
    {
      "order": 4,
      "song": "Hot Dog",
      "feat": "",
      "note": "",
      "comment": "",
      "coverOf": ""
    },
    {
      "order": 5,
      "song": "Gold Cobra",
      "feat": "",
      "note": "",
      "comment": "",
      "coverOf": ""
    },
    {
      "order": 6,
      "song": "Thieves",
      "feat": "",
      "note": "",
      "comment": "",
      "coverOf": "Ministry"
    },
    {
      "order": 7,
      "song": "My Generation",
      "feat": "",
      "note": "",
      "comment": "",
      "coverOf": ""
    },
    {
      "order": 8,
      "song": "Livin' It Up",
      "feat": "",
      "note": "",
      "comment": "",
      "coverOf": ""
    },
    {
      "order": 9,
      "song": "Counterfeit",
      "feat": "",
      "note": "",
      "comment": "",
      "coverOf": ""
    },
    {
      "order": 10,
      "song": "I'm Broke",
      "feat": "",
      "note": "",
      "comment": "",
      "coverOf": ""
    },
    {
      "order": 11,
      "song": "Smells Like Teen Spirit  / 12. Heart-Shaped Box",
      "feat": "",
      "note": "",
      "comment": "",
      "coverOf": "Nirvana"
    },
    {
      "order": 12,
      "song": "My Way",
      "feat": "",
      "note": "",
      "comment": "",
      "coverOf": ""
    },
    {
      "order": 13,
      "song": "Faith",
      "feat": "",
      "note": "",
      "comment": "",
      "coverOf": "George Michael"
    },
    {
      "order": 14,
      "song": "Killing In The Name",
      "feat": "",
      "note": "",
      "comment": "",
      "coverOf": "Rage Against The Machine"
    },
    {
      "order": 15,
      "song": "Nookie",
      "feat": "",
      "note": "",
      "comment": "",
      "coverOf": ""
    },
    {
      "order": 16,
      "song": "Take A Look Around",
      "feat": "",
      "note": "",
      "comment": "",
      "coverOf": ""
    },
    {
      "order": 17,
      "song": "Break Stuff",
      "feat": "",
      "note": "",
      "comment": "",
      "coverOf": ""
    }
  ],
  "extras": []
}