{
  "originalTitle": "Metallica - 18.10.2010 - Brisbane - QLD - Australia - Entertainment Centre (Source 2)",
  "created": 1748629086,
  "lastUpdated": 1748629086,
  "bands": [
    "Metallica"
  ],
  "startDate": {
    "day": "18",
    "month": "10",
    "year": "2010"
  },
  "startDateUnix": 1287360000,
  "endDate": {
    "day": "18",
    "month": "10",
    "year": "2010"
  },
  "endDateUnix": 1287360000,
  "location": {
    "city": "Brisbane",
    "state": "QLD",
    "country": "Australia",
    "venue": "Entertainment Centre",
    "event": ""
  },
  "tvChannel": "",
  "showName": "",
  "source": "Source 2",
  "category": [
    "video"
  ],
  "master": false,
  "public": true,
  "ownIdentifier": "HDD#O",
  "tradeLabel": "",
  "authoredBy": "",
  "transferredBy": "",
  "notes": "This show has to be one of the best audience bootlegs out there, by any band, it really is that good.",
  "tapers": [
    "Metallifreak27"
  ],
  "specs": {
    "media": [
      {
        "type": "BD-25",
        "size": 22.4,
        "unit": "Gb"
      }
    ],
    "chapters": true,
    "menu": true,
    "length": 7606,
    "video": [
      {
        "tvFormat": "",
        "ratio": "",
        "resolution": "1920x1080",
        "bitrateType": "",
        "bitrateKbps": null,
        "fps": "25",
        "standard": "MPEG2",
        "codec": "",
        "letterboxed": false
      }
    ],
    "audio": [
      {
        "language": "",
        "codec": "PCM",
        "rateHz": 48000,
        "bitrateKbps": 1536,
        "channels": 2
      },
      {
        "language": "",
        "codec": "PCM",
        "rateHz": 48000,
        "bitrateKbps": 1536,
        "channels": 2
      }
    ],
    "sourceDetail": {
      "recordingType": "AMT",
      "sourceMediaType": "HD",
      "finalMediaType": "BD",
      "fileFormat": "M2TS"
    }
  },
  "relatedShows": [],
  "childOf": "",
  "images": [
    {
      "folder": "55",
      "filename": "03030332.jpg",
      "externalId": "1L9qRE6jx2L3QXLHOK9S1Z1d1MEbMGrCM"
    },
    {
      "folder": "55",
      "filename": "78814228.jpg",
      "externalId": "1Uqivn5FRx5F86tPfcinjWZ6b0aealo2j"
    },
    {
      "folder": "55",
      "filename": "02047458.jpg",
      "externalId": "1EGnYMgQKWX29LFeJzzFzST3a3qP-5BNl"
    },
    {
      "folder": "55",
      "filename": "83891538.jpg",
      "externalId": "1w3J0HKbTAjR8mKtXPfyoKliZn9CyqOIh"
    }
  ],
  "setlist": [
    {
      "order": 1,
      "song": "The Ecstasy Of Gold",
      "feat": "",
      "note": "",
      "comment": "",
      "coverOf": ""
    },
    {
      "order": 2,
      "song": "That Was Just Your Life",
      "feat": "",
      "note": "",
      "comment": "",
      "coverOf": ""
    },
    {
      "order": 3,
      "song": "Cyanide",
      "feat": "",
      "note": "",
      "comment": "",
      "coverOf": ""
    },
    {
      "order": 4,
      "song": "Creeping Death",
      "feat": "",
      "note": "",
      "comment": "",
      "coverOf": ""
    },
    {
      "order": 5,
      "song": "The Memory Remains",
      "feat": "",
      "note": "",
      "comment": "",
      "coverOf": ""
    },
    {
      "order": 6,
      "song": "One",
      "feat": "",
      "note": "",
      "comment": "",
      "coverOf": ""
    },
    {
      "order": 7,
      "song": "The God That Failed",
      "feat": "",
      "note": "",
      "comment": "",
      "coverOf": ""
    },
    {
      "order": 8,
      "song": "No Remorse",
      "feat": "",
      "note": "",
      "comment": "",
      "coverOf": ""
    },
    {
      "order": 9,
      "song": "Sad But True",
      "feat": "",
      "note": "",
      "comment": "",
      "coverOf": ""
    },
    {
      "order": 10,
      "song": "Welcome Home (Sanitarium)",
      "feat": "",
      "note": "",
      "comment": "",
      "coverOf": ""
    },
    {
      "order": 11,
      "song": "...And Justice For All",
      "feat": "",
      "note": "",
      "comment": "",
      "coverOf": ""
    },
    {
      "order": 12,
      "song": "The Day That Never Comes",
      "feat": "",
      "note": "",
      "comment": "",
      "coverOf": ""
    },
    {
      "order": 13,
      "song": "Master Of Puppets",
      "feat": "",
      "note": "",
      "comment": "",
      "coverOf": ""
    },
    {
      "order": 14,
      "song": "Battery",
      "feat": "",
      "note": "",
      "comment": "",
      "coverOf": ""
    },
    {
      "order": 15,
      "song": "Nothing Else Matters",
      "feat": "",
      "note": "",
      "comment": "",
      "coverOf": ""
    },
    {
      "order": 16,
      "song": "Enter Sandman",
      "feat": "",
      "note": "",
      "comment": "",
      "coverOf": ""
    },
    {
      "order": 17,
      "song": "Stone Cold Crazy",
      "feat": "",
      "note": "",
      "comment": "",
      "coverOf": ""
    },
    {
      "order": 18,
      "song": "Motorbreath",
      "feat": "",
      "note": "",
      "comment": "",
      "coverOf": ""
    },
    {
      "order": 19,
      "song": "Seek And Destroy",
      "feat": "",
      "note": "",
      "comment": "",
      "coverOf": ""
    }
  ],
  "extras": []
}