{
  "originalTitle": "Metallica - 04.04.1993 - Melbourne - VIC - Australia - Centre Court (Source 1)",
  "created": 1748629086,
  "lastUpdated": 1748629086,
  "bands": [
    "Metallica"
  ],
  "startDate": {
    "day": "04",
    "month": "04",
    "year": "1993"
  },
  "startDateUnix": 733881600,
  "endDate": {
    "day": "04",
    "month": "04",
    "year": "1993"
  },
  "endDateUnix": 733881600,
  "location": {
    "city": "Melbourne",
    "state": "VIC",
    "country": "Australia",
    "venue": "Centre Court",
    "event": ""
  },
  "tvChannel": "",
  "showName": "",
  "source": "Source 1",
  "category": [
    "video"
  ],
  "master": false,
  "public": true,
  "ownIdentifier": "HDD#J",
  "tradeLabel": "",
  "authoredBy": "",
  "transferredBy": "",
  "notes": "Killer tripod shot show. Great closeups as well.",
  "tapers": [],
  "specs": {
    "media": [
      {
        "type": "DVD-5",
        "size": 4.01,
        "unit": "Gb"
      },
      {
        "type": "DVD-5",
        "size": 3.96,
        "unit": "Gb"
      }
    ],
    "chapters": true,
    "menu": true,
    "length": 9844,
    "video": [
      {
        "tvFormat": "NTSC",
        "ratio": "4:3",
        "resolution": "704x480",
        "bitrateType": "VBR",
        "bitrateKbps": null,
        "fps": "",
        "standard": "",
        "codec": "",
        "letterboxed": false
      }
    ],
    "audio": [
      {
        "language": "",
        "codec": "AC3",
        "rateHz": null,
        "bitrateKbps": null,
        "channels": 2
      }
    ],
    "sourceDetail": {
      "recordingType": "AMT",
      "sourceMediaType": "VHS",
      "finalMediaType": "",
      "fileFormat": "DVD"
    }
  },
  "relatedShows": [
    "metallica_10_10_1988_video"
  ],
  "childOf": "",
  "images": [
    {
      "folder": "46",
      "filename": "01609715.jpg",
      "externalId": "1PHZ_VWP6m4VWbVC18GhaNasm9jsh8B2S"
    },
    {
      "folder": "46",
      "filename": "48428846.jpg",
      "externalId": "1lrBhdWctaRktgQFRHKIDpduVeeh7nYxn"
    },
    {
      "folder": "46",
      "filename": "00594249.jpg",
      "externalId": "1nlQVMY-Ysgo1S2chEXQoktvb7OnCdZN7"
    },
    {
      "folder": "46",
      "filename": "16214037.jpg",
      "externalId": "1Sg9gtZqlBq5hHO-BKTUyzqdfHRHwC8EQ"
    }
  ],
  "setlist": [
    {
      "order": 1,
      "song": "The Ecstasy Of Gold",
      "feat": "",
      "note": "",
      "comment": "",
      "coverOf": ""
    },
    {
      "order": 2,
      "song": "Creeping Death",
      "feat": "",
      "note": "",
      "comment": "",
      "coverOf": ""
    },
    {
      "order": 3,
      "song": "Harvester Of Sorrow",
      "feat": "",
      "note": "",
      "comment": "",
      "coverOf": ""
    },
    {
      "order": 4,
      "song": "Welcome Home (Sanitarium)",
      "feat": "",
      "note": "",
      "comment": "",
      "coverOf": ""
    },
    {
      "order": 5,
      "song": "Sad But True",
      "feat": "",
      "note": "",
      "comment": "",
      "coverOf": ""
    },
    {
      "order": 6,
      "song": "Wherever I May Roam",
      "feat": "",
      "note": "",
      "comment": "",
      "coverOf": ""
    },
    {
      "order": 7,
      "song": "Of Wolf And Man",
      "feat": "",
      "note": "",
      "comment": "",
      "coverOf": ""
    },
    {
      "order": 8,
      "song": "The Unforgiven",
      "feat": "",
      "note": "",
      "comment": "",
      "coverOf": ""
    },
    {
      "order": 9,
      "song": "Justice Medley",
      "feat": "",
      "note": "",
      "comment": "",
      "coverOf": ""
    },
    {
      "order": 10,
      "song": "Bass Solo",
      "feat": "",
      "note": "",
      "comment": "",
      "coverOf": ""
    },
    {
      "order": 11,
      "song": "Guitar Solo",
      "feat": "",
      "note": "",
      "comment": "",
      "coverOf": ""
    },
    {
      "order": 12,
      "song": "The Four Horsemen",
      "feat": "",
      "note": "",
      "comment": "",
      "coverOf": ""
    },
    {
      "order": 13,
      "song": "For Whom The Bell Tolls",
      "feat": "",
      "note": "",
      "comment": "",
      "coverOf": ""
    },
    {
      "order": 14,
      "song": "Fade To Black",
      "feat": "",
      "note": "",
      "comment": "",
      "coverOf": ""
    },
    {
      "order": 15,
      "song": "Master Of Puppets",
      "feat": "",
      "note": "",
      "comment": "",
      "coverOf": ""
    },
    {
      "order": 16,
      "song": "Seek And Destroy",
      "feat": "",
      "note": "",
      "comment": "",
      "coverOf": ""
    },
    {
      "order": 17,
      "song": "Battery",
      "feat": "",
      "note": "",
      "comment": "",
      "coverOf": ""
    },
    {
      "order": 18,
      "song": "Nothing Else Matters",
      "feat": "",
      "note": "",
      "comment": "",
      "coverOf": ""
    },
    {
      "order": 19,
      "song": "Am I Evil?",
      "feat": "",
      "note": "",
      "comment": "",
      "coverOf": ""
    },
    {
      "order": 20,
      "song": "Last Caress",
      "feat": "",
      "note": "",
      "comment": "",
      "coverOf": ""
    },
    {
      "order": 21,
      "song": "One",
      "feat": "",
      "note": "",
      "comment": "",
      "coverOf": ""
    },
    {
      "order": 22,
      "song": "Enter Sandman",
      "feat": "",
      "note": "",
      "comment": "",
      "coverOf": ""
    },
    {
      "order": 23,
      "song": "Breadfan",
      "feat": "",
      "note": "",
      "comment": "",
      "coverOf": ""
    }
  ],
  "extras": []
}