{
  "originalTitle": "Metallica - 01.08.2009 - Dublin - Ireland - Marlay Park (Source 2)",
  "created": 1748629086,
  "lastUpdated": 1748629086,
  "bands": [
    "Metallica"
  ],
  "startDate": {
    "day": "01",
    "month": "08",
    "year": "2009"
  },
  "startDateUnix": 1249084800,
  "endDate": {
    "day": "01",
    "month": "08",
    "year": "2009"
  },
  "endDateUnix": 1249084800,
  "location": {
    "city": "Dublin",
    "state": "",
    "country": "Ireland",
    "venue": "Marlay Park",
    "event": ""
  },
  "tvChannel": "",
  "showName": "",
  "source": "Source 2",
  "category": [
    "video"
  ],
  "master": false,
  "public": true,
  "ownIdentifier": "HDD#J",
  "tradeLabel": "",
  "authoredBy": "",
  "transferredBy": "",
  "notes": "Incomplete screenshot.",
  "tapers": [],
  "specs": {
    "media": [
      {
        "type": "DVD-5",
        "size": 4.19,
        "unit": "Gb"
      }
    ],
    "chapters": false,
    "menu": true,
    "length": 4663,
    "video": [
      {
        "tvFormat": "PAL",
        "ratio": "4:3",
        "resolution": "720x576",
        "bitrateType": "VBR",
        "bitrateKbps": null,
        "fps": "",
        "standard": "",
        "codec": "",
        "letterboxed": false
      }
    ],
    "audio": [
      {
        "language": "en",
        "codec": "AC3",
        "rateHz": null,
        "bitrateKbps": null,
        "channels": 2
      }
    ],
    "sourceDetail": {
      "recordingType": "AMT",
      "sourceMediaType": "",
      "finalMediaType": "",
      "fileFormat": "DVD"
    }
  },
  "relatedShows": [],
  "childOf": "",
  "images": [
    {
      "folder": "64",
      "filename": "01563414.jpg",
      "externalId": "1I6ujGhZaNdX7QC96FiRjes3j5HNfNgnt"
    },
    {
      "folder": "64",
      "filename": "85161227.jpg",
      "externalId": "1qwro8g-DnzKF3oaXFlmq7HmbcWy0uNrk"
    },
    {
      "folder": "64",
      "filename": "35163873.jpg",
      "externalId": "1Ml8JIq1QvXGXzfnFkfTP8l7FZxPT72go"
    },
    {
      "folder": "64",
      "filename": "20156595.jpg",
      "externalId": "1HkC8jwJOA85_fzL4bIsJuFy8iTAjldLs"
    }
  ],
  "setlist": [
    {
      "order": 1,
      "song": "Intro",
      "feat": "",
      "note": "",
      "comment": "",
      "coverOf": ""
    },
    {
      "order": 2,
      "song": "Blackened",
      "feat": "",
      "note": "",
      "comment": "",
      "coverOf": ""
    },
    {
      "order": 3,
      "song": "Creeping Death",
      "feat": "",
      "note": "",
      "comment": "",
      "coverOf": ""
    },
    {
      "order": 4,
      "song": "Whiskey In The Jar",
      "feat": "",
      "note": "",
      "comment": "",
      "coverOf": "traditional"
    },
    {
      "order": 5,
      "song": "Harvester Of Sorrow",
      "feat": "",
      "note": "",
      "comment": "",
      "coverOf": ""
    },
    {
      "order": 6,
      "song": "Cyanide",
      "feat": "",
      "note": "",
      "comment": "",
      "coverOf": ""
    },
    {
      "order": 7,
      "song": "Sad But True",
      "feat": "",
      "note": "",
      "comment": "",
      "coverOf": ""
    },
    {
      "order": 8,
      "song": "All Nightmare Long",
      "feat": "",
      "note": "",
      "comment": "",
      "coverOf": ""
    },
    {
      "order": 9,
      "song": "Master Of Puppets",
      "feat": "",
      "note": "",
      "comment": "",
      "coverOf": ""
    },
    {
      "order": 10,
      "song": "Enter Sandman",
      "feat": "",
      "note": "",
      "comment": "",
      "coverOf": ""
    },
    {
      "order": 11,
      "song": "Killing Time  (with Raymond Haller)",
      "feat": "",
      "note": "",
      "comment": "",
      "coverOf": "Sweet Savage"
    },
    {
      "order": 12,
      "song": "Motorbreath",
      "feat": "",
      "note": "",
      "comment": "",
      "coverOf": ""
    },
    {
      "order": 13,
      "song": "Seek & Destroy",
      "feat": "",
      "note": "",
      "comment": "",
      "coverOf": ""
    }
  ],
  "extras": []
}