{
  "originalTitle": "Rammstein - 26.02.2010 - St. Petersburg - Russia - SCC Arena (Source 5)",
  "created": 1748629086,
  "lastUpdated": 1748629086,
  "bands": [
    "Rammstein"
  ],
  "startDate": {
    "day": "26",
    "month": "02",
    "year": "2010"
  },
  "startDateUnix": 1267142400,
  "endDate": {
    "day": "26",
    "month": "02",
    "year": "2010"
  },
  "endDateUnix": 1267142400,
  "location": {
    "city": "St. Petersburg",
    "state": "",
    "country": "Russia",
    "venue": "SCC Arena",
    "event": ""
  },
  "tvChannel": "",
  "showName": "",
  "source": "Source 5",
  "category": [
    "video"
  ],
  "master": false,
  "public": true,
  "ownIdentifier": "HDD#O",
  "tradeLabel": "",
  "authoredBy": "",
  "transferredBy": "",
  "notes": "AMT#5.",
  "tapers": [
    "Gerbera Cass"
  ],
  "specs": {
    "media": [
      {
        "type": "DVD-9",
        "size": 6.58,
        "unit": "Gb"
      }
    ],
    "chapters": false,
    "menu": false,
    "length": 6263,
    "video": [
      {
        "tvFormat": "",
        "ratio": "16:9",
        "resolution": "1440x1080",
        "bitrateType": "",
        "bitrateKbps": null,
        "fps": "25",
        "standard": "MPEG4",
        "codec": "H264",
        "letterboxed": false
      }
    ],
    "audio": [
      {
        "language": "",
        "codec": "AC3",
        "rateHz": 48000,
        "bitrateKbps": 256,
        "channels": 2
      }
    ],
    "sourceDetail": {
      "recordingType": "AMT",
      "sourceMediaType": "Digicam",
      "finalMediaType": "HD",
      "fileFormat": "MTS"
    }
  },
  "relatedShows": [],
  "childOf": "",
  "images": [
    {
      "folder": "53",
      "filename": "77189440.jpg",
      "externalId": "1lQg6rzf5dWk6WbMbtX8jitrgdLtdjrGN"
    },
    {
      "folder": "53",
      "filename": "70893457.jpg",
      "externalId": "1OY_xxg1M3qYQJrwusriwDn9xXuoXKj93"
    },
    {
      "folder": "53",
      "filename": "52610981.jpg",
      "externalId": "1aTxSXkP2pTbbjXYNfFTqvlcAZsO_bDdF"
    },
    {
      "folder": "53",
      "filename": "87446584.jpg",
      "externalId": "1L-_GXDzx0KQYk-4P7ss7-03FafAP_877"
    }
  ],
  "setlist": [
    {
      "order": 1,
      "song": "Intro",
      "feat": "",
      "note": "",
      "comment": "",
      "coverOf": ""
    },
    {
      "order": 2,
      "song": "Rammlied",
      "feat": "",
      "note": "",
      "comment": "",
      "coverOf": ""
    },
    {
      "order": 3,
      "song": "Buchstabu",
      "feat": "",
      "note": "",
      "comment": "",
      "coverOf": ""
    },
    {
      "order": 4,
      "song": "Waidmanns Heil",
      "feat": "",
      "note": "",
      "comment": "",
      "coverOf": ""
    },
    {
      "order": 5,
      "song": "Keine Lust",
      "feat": "",
      "note": "",
      "comment": "",
      "coverOf": ""
    },
    {
      "order": 6,
      "song": "Weisses Fleisch",
      "feat": "",
      "note": "",
      "comment": "",
      "coverOf": ""
    },
    {
      "order": 7,
      "song": "Feuer Frei!",
      "feat": "",
      "note": "",
      "comment": "",
      "coverOf": ""
    },
    {
      "order": 8,
      "song": "Wiener Blut",
      "feat": "",
      "note": "",
      "comment": "",
      "coverOf": ""
    },
    {
      "order": 9,
      "song": "Fruhling In Paris",
      "feat": "",
      "note": "",
      "comment": "",
      "coverOf": ""
    },
    {
      "order": 10,
      "song": "Ich Tu Dir Weh",
      "feat": "",
      "note": "",
      "comment": "",
      "coverOf": ""
    },
    {
      "order": 11,
      "song": "Liebe Ist Fur Alle Da",
      "feat": "",
      "note": "",
      "comment": "",
      "coverOf": ""
    },
    {
      "order": 12,
      "song": "Benzin",
      "feat": "",
      "note": "",
      "comment": "",
      "coverOf": ""
    },
    {
      "order": 13,
      "song": "Links 2-3-4",
      "feat": "",
      "note": "",
      "comment": "",
      "coverOf": ""
    },
    {
      "order": 14,
      "song": "Du Hast",
      "feat": "",
      "note": "",
      "comment": "",
      "coverOf": ""
    },
    {
      "order": 15,
      "song": "Pussy",
      "feat": "",
      "note": "",
      "comment": "",
      "coverOf": ""
    },
    {
      "order": 16,
      "song": "Sonne",
      "feat": "",
      "note": "",
      "comment": "",
      "coverOf": ""
    },
    {
      "order": 17,
      "song": "Haifisch",
      "feat": "",
      "note": "",
      "comment": "",
      "coverOf": ""
    },
    {
      "order": 18,
      "song": "Ich Will",
      "feat": "",
      "note": "",
      "comment": "",
      "coverOf": ""
    },
    {
      "order": 19,
      "song": "Engel",
      "feat": "",
      "note": "",
      "comment": "",
      "coverOf": ""
    }
  ],
  "extras": []
}