{
  "originalTitle": "Rammstein - 27.06.1998 - Roskilde - Denmark - Dyrskuepladsen - Roskilde Festival (Source 1)",
  "created": 1748629086,
  "lastUpdated": 1748629086,
  "bands": [
    "Rammstein"
  ],
  "startDate": {
    "day": "27",
    "month": "06",
    "year": "1998"
  },
  "startDateUnix": 898905600,
  "endDate": {
    "day": "27",
    "month": "06",
    "year": "1998"
  },
  "endDateUnix": 898905600,
  "location": {
    "city": "Roskilde",
    "state": "",
    "country": "Denmark",
    "venue": "Dyrskuepladsen",
    "event": "Roskilde Festival"
  },
  "tvChannel": "",
  "showName": "",
  "source": "Source 1",
  "category": [
    "video"
  ],
  "master": false,
  "public": true,
  "ownIdentifier": "HDD#O",
  "tradeLabel": "",
  "authoredBy": "",
  "transferredBy": "",
  "notes": "Screenshot.",
  "tapers": [],
  "specs": {
    "media": [
      {
        "type": "DVD-5",
        "size": 1.38,
        "unit": "Gb"
      }
    ],
    "chapters": false,
    "menu": false,
    "length": 1671,
    "video": [
      {
        "tvFormat": "NTSC",
        "ratio": "4:3",
        "resolution": "720x480",
        "bitrateType": "VBR",
        "bitrateKbps": null,
        "fps": "",
        "standard": "",
        "codec": "",
        "letterboxed": false
      }
    ],
    "audio": [
      {
        "language": "",
        "codec": "AC3",
        "rateHz": null,
        "bitrateKbps": null,
        "channels": 2
      }
    ],
    "sourceDetail": {
      "recordingType": "AMT",
      "sourceMediaType": "VHS",
      "finalMediaType": "",
      "fileFormat": "DVD"
    }
  },
  "relatedShows": [],
  "childOf": "",
  "images": [
    {
      "folder": "53",
      "filename": "96967027.jpg",
      "externalId": "1RdpTIGGtolxb3-rTcMo9gDbM_gDIUeof"
    },
    {
      "folder": "53",
      "filename": "55607139.jpg",
      "externalId": "1ELmKQ4DdfPWPfB_r8osGavR04XfrLaLH"
    },
    {
      "folder": "53",
      "filename": "87024816.jpg",
      "externalId": "1r2iUygz7XMykkWsD5y5_GENQgf79Z1os"
    },
    {
      "folder": "53",
      "filename": "50739064.jpg",
      "externalId": "1oV3IpTXrrpHzzhGPhDLHEgrlCKARue6y"
    }
  ],
  "setlist": [
    {
      "order": 1,
      "song": "Du Hast",
      "feat": "",
      "note": "incomplete",
      "comment": "",
      "coverOf": ""
    },
    {
      "order": 2,
      "song": "Buck Dich",
      "feat": "",
      "note": "",
      "comment": "",
      "coverOf": ""
    },
    {
      "order": 3,
      "song": "Engel",
      "feat": "",
      "note": "",
      "comment": "",
      "coverOf": ""
    },
    {
      "order": 4,
      "song": "Spiel Mit Mir",
      "feat": "",
      "note": "",
      "comment": "",
      "coverOf": ""
    },
    {
      "order": 5,
      "song": "Laichzeit",
      "feat": "",
      "note": "",
      "comment": "",
      "coverOf": ""
    },
    {
      "order": 6,
      "song": "Wolt Ihr Das Bett In Flamenn Sehen?",
      "feat": "",
      "note": "",
      "comment": "",
      "coverOf": ""
    }
  ],
  "extras": []
}