{
  "originalTitle": "Rammstein - 31.05.1998 - Nuerburg - Germany - Nuerburgring - Rock Am Ring (Source 1)",
  "created": 1748629086,
  "lastUpdated": 1748629086,
  "bands": [
    "Rammstein"
  ],
  "startDate": {
    "day": "31",
    "month": "05",
    "year": "1998"
  },
  "startDateUnix": 896572800,
  "endDate": {
    "day": "31",
    "month": "05",
    "year": "1998"
  },
  "endDateUnix": 896572800,
  "location": {
    "city": "Nuerburg",
    "state": "",
    "country": "Germany",
    "venue": "Nuerburgring",
    "event": "Rock Am Ring"
  },
  "tvChannel": "",
  "showName": "",
  "source": "Source 1",
  "category": [
    "video"
  ],
  "master": false,
  "public": true,
  "ownIdentifier": "HDD#O",
  "tradeLabel": "",
  "authoredBy": "",
  "transferredBy": "",
  "notes": "",
  "tapers": [],
  "specs": {
    "media": [
      {
        "type": "CD",
        "size": 51.2,
        "unit": "Mb"
      }
    ],
    "chapters": false,
    "menu": false,
    "length": 290,
    "video": [
      {
        "tvFormat": "",
        "ratio": "4:3",
        "resolution": "352x288",
        "bitrateType": "",
        "bitrateKbps": 1246,
        "fps": "25",
        "standard": "MPEG1",
        "codec": "",
        "letterboxed": false
      }
    ],
    "audio": [
      {
        "language": "",
        "codec": "",
        "rateHz": 44100,
        "bitrateKbps": 128,
        "channels": 2
      }
    ],
    "sourceDetail": {
      "recordingType": "PRO",
      "sourceMediaType": "VCD",
      "finalMediaType": "",
      "fileFormat": "MPEG"
    }
  },
  "relatedShows": [],
  "childOf": "",
  "images": [
    {
      "folder": "53",
      "filename": "85276692.jpg",
      "externalId": "1lbQHQ-vc2M4Xl02R4TQjaOJW6fsJpAza"
    },
    {
      "folder": "53",
      "filename": "72827389.jpg",
      "externalId": "15jm1yeRUTelHsz0noIxB7vzIAwr_gNfx"
    },
    {
      "folder": "53",
      "filename": "79205512.jpg",
      "externalId": "1W5__363LwTjmE9ZmEiwykg9wuDnpIvyp"
    },
    {
      "folder": "53",
      "filename": "59979954.jpg",
      "externalId": "1DhNUuz9S43j158l78-x9puU3LSgzqI3L"
    }
  ],
  "setlist": [
    {
      "order": 1,
      "song": "Du Riechst So Gut",
      "feat": "",
      "note": "",
      "comment": "",
      "coverOf": ""
    }
  ],
  "extras": []
}