{
  "originalTitle": "Rammstein - 30.05.1998 - Eindhoven - Netherlands - Dynamo Open Air",
  "created": 1748629086,
  "lastUpdated": 1748629086,
  "bands": [
    "Rammstein"
  ],
  "startDate": {
    "day": "30",
    "month": "05",
    "year": "1998"
  },
  "startDateUnix": 896486400,
  "endDate": {
    "day": "30",
    "month": "05",
    "year": "1998"
  },
  "endDateUnix": 896486400,
  "location": {
    "city": "Eindhoven",
    "state": "",
    "country": "Netherlands",
    "venue": "Dynamo Open Air",
    "event": ""
  },
  "tvChannel": "",
  "showName": "",
  "source": "",
  "category": [
    "video"
  ],
  "master": false,
  "public": true,
  "ownIdentifier": "HDD#O",
  "tradeLabel": "",
  "authoredBy": "",
  "transferredBy": "",
  "notes": "",
  "tapers": [],
  "specs": {
    "media": [
      {
        "type": "DVD-5",
        "size": 3.82,
        "unit": "Gb"
      }
    ],
    "chapters": true,
    "menu": false,
    "length": 4470,
    "video": [
      {
        "tvFormat": "PAL",
        "ratio": "4:3",
        "resolution": "720x576",
        "bitrateType": "VBR",
        "bitrateKbps": null,
        "fps": "",
        "standard": "",
        "codec": "",
        "letterboxed": false
      }
    ],
    "audio": [
      {
        "language": "",
        "codec": "MPEG1",
        "rateHz": null,
        "bitrateKbps": null,
        "channels": 2
      }
    ],
    "sourceDetail": {
      "recordingType": "AMT",
      "sourceMediaType": "VHS",
      "finalMediaType": "",
      "fileFormat": "DVD"
    }
  },
  "relatedShows": [],
  "childOf": "",
  "images": [
    {
      "folder": "53",
      "filename": "15685348.jpg",
      "externalId": "1VRVgy-yrzb_iMGB7JciyacxnA2SyAtB0"
    },
    {
      "folder": "53",
      "filename": "61342481.jpg",
      "externalId": "1rDSZvJ_Yt5IR5EFb5b0pAyWBOn71llX_"
    },
    {
      "folder": "53",
      "filename": "64948247.jpg",
      "externalId": "15ngA9iJ3RCC8ezr3F-fJStlkm1PcHTbU"
    },
    {
      "folder": "53",
      "filename": "87337278.jpg",
      "externalId": "12GJgamTkjfWiUno5UZ2lfmnmtkoDSeI2"
    }
  ],
  "setlist": [
    {
      "order": 1,
      "song": "Rammstein",
      "feat": "",
      "note": "",
      "comment": "",
      "coverOf": ""
    },
    {
      "order": 2,
      "song": "Tier",
      "feat": "",
      "note": "",
      "comment": "",
      "coverOf": ""
    },
    {
      "order": 3,
      "song": "Bestrafe Mich",
      "feat": "",
      "note": "",
      "comment": "",
      "coverOf": ""
    },
    {
      "order": 4,
      "song": "Weisses Fleisch",
      "feat": "",
      "note": "",
      "comment": "",
      "coverOf": ""
    },
    {
      "order": 5,
      "song": "Sehnsucht",
      "feat": "",
      "note": "",
      "comment": "",
      "coverOf": ""
    },
    {
      "order": 6,
      "song": "Asche Zu Asche",
      "feat": "",
      "note": "",
      "comment": "",
      "coverOf": ""
    },
    {
      "order": 7,
      "song": "Seemann",
      "feat": "",
      "note": "",
      "comment": "",
      "coverOf": ""
    },
    {
      "order": 8,
      "song": "Heirate Mich",
      "feat": "",
      "note": "",
      "comment": "",
      "coverOf": ""
    },
    {
      "order": 9,
      "song": "Du Riechst So Gut",
      "feat": "",
      "note": "",
      "comment": "",
      "coverOf": ""
    },
    {
      "order": 10,
      "song": "Du Hast",
      "feat": "",
      "note": "",
      "comment": "",
      "coverOf": ""
    },
    {
      "order": 11,
      "song": "Buck Dich",
      "feat": "",
      "note": "",
      "comment": "",
      "coverOf": ""
    },
    {
      "order": 12,
      "song": "Engel",
      "feat": "",
      "note": "",
      "comment": "",
      "coverOf": ""
    },
    {
      "order": 13,
      "song": "Spiel Mit Mir",
      "feat": "",
      "note": "",
      "comment": "",
      "coverOf": ""
    },
    {
      "order": 14,
      "song": "Laichzeit",
      "feat": "",
      "note": "",
      "comment": "",
      "coverOf": ""
    },
    {
      "order": 15,
      "song": "Wollt Ihr Das Bett In Flamenn Sehen?",
      "feat": "",
      "note": "",
      "comment": "",
      "coverOf": ""
    }
  ],
  "extras": []
}