{
  "originalTitle": "Slayer - 05.06.2011 - Buenos Aries - Argentina - Luna Park (Source 2)",
  "created": 1748629086,
  "lastUpdated": 1748629086,
  "bands": [
    "Slayer"
  ],
  "startDate": {
    "day": "05",
    "month": "06",
    "year": "2011"
  },
  "startDateUnix": 1307232000,
  "endDate": {
    "day": "05",
    "month": "06",
    "year": "2011"
  },
  "endDateUnix": 1307232000,
  "location": {
    "city": "Buenos Aries",
    "state": "",
    "country": "Argentina",
    "venue": "Luna Park",
    "event": ""
  },
  "tvChannel": "",
  "showName": "",
  "source": "Source 2",
  "category": [
    "video"
  ],
  "master": false,
  "public": true,
  "ownIdentifier": "HDD#D",
  "tradeLabel": "",
  "authoredBy": "",
  "transferredBy": "",
  "notes": "",
  "tapers": [],
  "specs": {
    "media": [
      {
        "type": "DVD-5",
        "size": 4.11,
        "unit": "Gb"
      }
    ],
    "chapters": true,
    "menu": true,
    "length": 5629,
    "video": [
      {
        "tvFormat": "NTSC",
        "ratio": "16:9",
        "resolution": "720x480",
        "bitrateType": "VBR",
        "bitrateKbps": null,
        "fps": "",
        "standard": "",
        "codec": "",
        "letterboxed": true
      }
    ],
    "audio": [
      {
        "language": "en",
        "codec": "AC3",
        "rateHz": null,
        "bitrateKbps": null,
        "channels": 2
      }
    ],
    "sourceDetail": {
      "recordingType": "AMT",
      "sourceMediaType": "",
      "finalMediaType": "",
      "fileFormat": "DVD"
    }
  },
  "relatedShows": [],
  "childOf": "",
  "images": [
    {
      "folder": "44",
      "filename": "07162189.jpg",
      "externalId": "1mLqkcqw52YRHsKeUtU7iJpNsJzliurEl"
    },
    {
      "folder": "44",
      "filename": "75612843.jpg",
      "externalId": "1m4HuS1z3kPLzsktwT95Bwc6XieIUdi3I"
    },
    {
      "folder": "44",
      "filename": "70527594.jpg",
      "externalId": "1-v7brDpdtKG23y6qvOs7obPPhE5XfQvM"
    },
    {
      "folder": "44",
      "filename": "43246123.jpg",
      "externalId": "1qUAyGQb0XzOgl6aXP76w-cn3u3Tn0zPg"
    }
  ],
  "setlist": [
    {
      "order": 1,
      "song": "World Painted Blood",
      "feat": "",
      "note": "",
      "comment": "",
      "coverOf": ""
    },
    {
      "order": 2,
      "song": "Hate Worldwide",
      "feat": "",
      "note": "",
      "comment": "",
      "coverOf": ""
    },
    {
      "order": 3,
      "song": "War Ensemble",
      "feat": "",
      "note": "",
      "comment": "",
      "coverOf": ""
    },
    {
      "order": 4,
      "song": "Postmortem",
      "feat": "",
      "note": "",
      "comment": "",
      "coverOf": ""
    },
    {
      "order": 5,
      "song": "Temptation",
      "feat": "",
      "note": "",
      "comment": "",
      "coverOf": ""
    },
    {
      "order": 6,
      "song": "Dittohead",
      "feat": "",
      "note": "",
      "comment": "",
      "coverOf": ""
    },
    {
      "order": 7,
      "song": "Stain Of Mind",
      "feat": "",
      "note": "",
      "comment": "",
      "coverOf": ""
    },
    {
      "order": 8,
      "song": "Disciple",
      "feat": "",
      "note": "",
      "comment": "",
      "coverOf": ""
    },
    {
      "order": 9,
      "song": "Bloodline",
      "feat": "",
      "note": "",
      "comment": "",
      "coverOf": ""
    },
    {
      "order": 10,
      "song": "Dead Skin Mask",
      "feat": "",
      "note": "",
      "comment": "",
      "coverOf": ""
    },
    {
      "order": 11,
      "song": "Hallowed Point",
      "feat": "",
      "note": "",
      "comment": "",
      "coverOf": ""
    },
    {
      "order": 12,
      "song": "The Antichrist",
      "feat": "",
      "note": "",
      "comment": "",
      "coverOf": ""
    },
    {
      "order": 13,
      "song": "Mandatory Suicide",
      "feat": "",
      "note": "",
      "comment": "",
      "coverOf": ""
    },
    {
      "order": 14,
      "song": "Chemical Warfare",
      "feat": "",
      "note": "",
      "comment": "",
      "coverOf": ""
    },
    {
      "order": 15,
      "song": "Ghosts Of War",
      "feat": "",
      "note": "",
      "comment": "",
      "coverOf": ""
    },
    {
      "order": 16,
      "song": "Seasons In The Abyss",
      "feat": "",
      "note": "",
      "comment": "",
      "coverOf": ""
    },
    {
      "order": 17,
      "song": "Snuff",
      "feat": "",
      "note": "",
      "comment": "",
      "coverOf": ""
    },
    {
      "order": 18,
      "song": "South Of Heaven",
      "feat": "",
      "note": "",
      "comment": "",
      "coverOf": ""
    },
    {
      "order": 19,
      "song": "Raining Blood",
      "feat": "",
      "note": "",
      "comment": "",
      "coverOf": ""
    },
    {
      "order": 20,
      "song": "Black Magic",
      "feat": "",
      "note": "",
      "comment": "",
      "coverOf": ""
    },
    {
      "order": 21,
      "song": "Angel Of Death",
      "feat": "",
      "note": "",
      "comment": "",
      "coverOf": ""
    }
  ],
  "extras": []
}