{
  "originalTitle": "Slipknot - 15.11.2008 - Berlin - Germany - Arena Treptow (Source 2)",
  "created": 1748629086,
  "lastUpdated": 1748629086,
  "bands": [
    "Slipknot"
  ],
  "startDate": {
    "day": "15",
    "month": "11",
    "year": "2008"
  },
  "startDateUnix": 1226707200,
  "endDate": {
    "day": "15",
    "month": "11",
    "year": "2008"
  },
  "endDateUnix": 1226707200,
  "location": {
    "city": "Berlin",
    "state": "",
    "country": "Germany",
    "venue": "Arena Treptow",
    "event": ""
  },
  "tvChannel": "",
  "showName": "",
  "source": "Source 2",
  "category": [
    "video"
  ],
  "master": false,
  "public": true,
  "ownIdentifier": "HDD#O",
  "tradeLabel": "",
  "authoredBy": "",
  "transferredBy": "",
  "notes": "Bad sound.",
  "tapers": [
    "Coalb"
  ],
  "specs": {
    "media": [
      {
        "type": "DVD-5",
        "size": 2.06,
        "unit": "Gb"
      }
    ],
    "chapters": true,
    "menu": true,
    "length": 2202,
    "video": [
      {
        "tvFormat": "PAL",
        "ratio": "4:3",
        "resolution": "720x576",
        "bitrateType": "VBR",
        "bitrateKbps": null,
        "fps": "",
        "standard": "",
        "codec": "",
        "letterboxed": false
      }
    ],
    "audio": [
      {
        "language": "en",
        "codec": "MPEG1",
        "rateHz": null,
        "bitrateKbps": null,
        "channels": 2
      }
    ],
    "sourceDetail": {
      "recordingType": "AMT",
      "sourceMediaType": "Digicam",
      "finalMediaType": "",
      "fileFormat": "DVD"
    }
  },
  "relatedShows": [],
  "childOf": "",
  "images": [
    {
      "folder": "1",
      "filename": "86973.jpg",
      "externalId": "1iXD17cWVxicjTIl2k2vSVKXfbdGRIzBs"
    },
    {
      "folder": "1",
      "filename": "47749.jpg",
      "externalId": "1ztai54nMhth2YBymN9A4Viyp-8qVvxDN"
    },
    {
      "folder": "1",
      "filename": "61188.jpg",
      "externalId": "1-P8Q5QXYMP_cn5ic8jGdBx8p_dVePFPI"
    },
    {
      "folder": "1",
      "filename": "32235.jpg",
      "externalId": "14oQpOt5QULUU49fHCLbPUrrykNrqPwrt"
    }
  ],
  "setlist": [
    {
      "order": 1,
      "song": "Iowa (Intro)",
      "feat": "",
      "note": "",
      "comment": "",
      "coverOf": ""
    },
    {
      "order": 2,
      "song": "Surfacing",
      "feat": "",
      "note": "",
      "comment": "",
      "coverOf": ""
    },
    {
      "order": 3,
      "song": "The Blister Exists",
      "feat": "",
      "note": "",
      "comment": "",
      "coverOf": ""
    },
    {
      "order": 4,
      "song": "Get This",
      "feat": "",
      "note": "",
      "comment": "",
      "coverOf": ""
    },
    {
      "order": 5,
      "song": "Disasterpiece",
      "feat": "",
      "note": "",
      "comment": "",
      "coverOf": ""
    },
    {
      "order": 6,
      "song": "Dead Memories",
      "feat": "",
      "note": "",
      "comment": "",
      "coverOf": ""
    },
    {
      "order": 7,
      "song": "Psychosocial",
      "feat": "",
      "note": "",
      "comment": "",
      "coverOf": ""
    },
    {
      "order": 8,
      "song": "The Heretic Anthem",
      "feat": "",
      "note": "",
      "comment": "",
      "coverOf": ""
    },
    {
      "order": 9,
      "song": "Spit It Out",
      "feat": "",
      "note": "incomplete",
      "comment": "",
      "coverOf": ""
    },
    {
      "order": 10,
      "song": "(Sic) (cut)",
      "feat": "",
      "note": "",
      "comment": "",
      "coverOf": ""
    }
  ],
  "extras": []
}