{
  "originalTitle": "Slipknot - 10.11.2004 - Bangkok - Thailand - Active Square",
  "created": 1748629086,
  "lastUpdated": 1748629086,
  "bands": [
    "Slipknot"
  ],
  "startDate": {
    "day": "10",
    "month": "11",
    "year": "2004"
  },
  "startDateUnix": 1100044800,
  "endDate": {
    "day": "10",
    "month": "11",
    "year": "2004"
  },
  "endDateUnix": 1100044800,
  "location": {
    "city": "Bangkok",
    "state": "",
    "country": "Thailand",
    "venue": "Active Square",
    "event": ""
  },
  "tvChannel": "",
  "showName": "",
  "source": "",
  "category": [
    "video"
  ],
  "master": false,
  "public": true,
  "ownIdentifier": "HDD#O",
  "tradeLabel": "",
  "authoredBy": "",
  "transferredBy": "",
  "notes": "",
  "tapers": [],
  "specs": {
    "media": [
      {
        "type": "CD",
        "size": 184,
        "unit": "Mb"
      }
    ],
    "chapters": false,
    "menu": false,
    "length": 196,
    "video": [
      {
        "tvFormat": "PAL",
        "ratio": "4:3",
        "resolution": "720x576",
        "bitrateType": "VBR",
        "bitrateKbps": null,
        "fps": "",
        "standard": "",
        "codec": "",
        "letterboxed": false
      }
    ],
    "audio": [
      {
        "language": "",
        "codec": "MPEG1",
        "rateHz": null,
        "bitrateKbps": null,
        "channels": 2
      }
    ],
    "sourceDetail": {
      "recordingType": "PRO",
      "sourceMediaType": "VHS",
      "finalMediaType": "",
      "fileFormat": "DVD"
    }
  },
  "relatedShows": [],
  "childOf": "",
  "images": [
    {
      "folder": "1",
      "filename": "87636.jpg",
      "externalId": "1koL3PPu_gM8dG3Hjt3IifI-M_bbCbAEz"
    },
    {
      "folder": "1",
      "filename": "46770.jpg",
      "externalId": "1G0XiR7RHUICDxPN3BiReZW4gaHFSGQ8D"
    },
    {
      "folder": "1",
      "filename": "90457.jpg",
      "externalId": "165_iooNQJwXHaf1N8N2g8l2O6hE6em4n"
    },
    {
      "folder": "1",
      "filename": "82016.jpg",
      "externalId": "1TKPBsCKdG_PqYHSSdhRKg_AvJWvdcU7E"
    }
  ],
  "setlist": [
    {
      "order": 1,
      "song": "(Sic)",
      "feat": "",
      "note": "",
      "comment": "",
      "coverOf": ""
    }
  ],
  "extras": []
}