{
  "originalTitle": "Slipknot - 14.06.2013 - Donington - England - Donington Park - Download Festival (Source 3)",
  "created": 1748629086,
  "lastUpdated": 1748629086,
  "bands": [
    "Slipknot"
  ],
  "startDate": {
    "day": "14",
    "month": "06",
    "year": "2013"
  },
  "startDateUnix": 1371168000,
  "endDate": {
    "day": "14",
    "month": "06",
    "year": "2013"
  },
  "endDateUnix": 1371168000,
  "location": {
    "city": "Donington",
    "state": "",
    "country": "England",
    "venue": "Donington Park",
    "event": "Download Festival"
  },
  "tvChannel": "",
  "showName": "",
  "source": "Source 3",
  "category": [
    "video"
  ],
  "master": false,
  "public": true,
  "ownIdentifier": "HDD#O",
  "tradeLabel": "",
  "authoredBy": "",
  "transferredBy": "",
  "notes": "",
  "tapers": [],
  "specs": {
    "media": [
      {
        "type": "BD-50",
        "size": 25.5,
        "unit": "Gb"
      }
    ],
    "chapters": false,
    "menu": false,
    "length": 13511,
    "video": [
      {
        "tvFormat": "",
        "ratio": "",
        "resolution": "1920x1080",
        "bitrateType": "",
        "bitrateKbps": null,
        "fps": "25",
        "standard": "MPEG4",
        "codec": "H264",
        "letterboxed": false
      }
    ],
    "audio": [
      {
        "language": "",
        "codec": "AC3",
        "rateHz": 48000,
        "bitrateKbps": 384,
        "channels": 2
      }
    ],
    "sourceDetail": {
      "recordingType": "PRO",
      "sourceMediaType": "HD",
      "finalMediaType": "",
      "fileFormat": "TS"
    }
  },
  "relatedShows": [
    "korn_14_06_2013_video",
    "architects_14_06_2013_video",
    "3_doors_down_14_06_2013_video",
    "europe_14_06_2013_video",
    "volbeat_14_06_2013_video",
    "down_14_06_2013_video",
    "rammstein_16_06_2013_video",
    "papa_roach_14_06_2013_video",
    "enter_shikari_15_06_2013_video",
    "uriah_heep_14_06_2013_video",
    "asking_alexandria_14_06_2013_video",
    "stone_sour_16_06_2013_video",
    "queens_of_the_stone_age_15_06_2013_video",
    "coal_chamber_16_06_2013_video",
    "karnivool_15_06_2013_video",
    "mastodon_15_06_2013_video",
    "iron_maiden_15_06_2013_video",
    "limp_bizkit_16_06_2013_video",
    "ghost_16_06_2013_video",
    "heavens_basement_16_06_2013_video",
    "jimmy_eat_world_15_06_2013_video",
    "alice_in_chains_15_06_2013_video",
    "30_seconds_to_mars_16_06_2013_video",
    "a_day_to_remember_16_06_2013_video",
    "motorhead_15_06_2013_video",
    "rival_sons_16_06_2013_video",
    "parkway_drive_16_06_2013_video",
    "bullet_for_my_valentine_14_06_2013_video",
    "five_finger_death_punch_16_06_2013_video"
  ],
  "childOf": "[VARIOUS ARTISTS] - [14.06.2013 -- 16.06.2013] - Donington - England - Donington Park - Download Festival",
  "images": [],
  "setlist": []
}