{
  "originalTitle": "Slipknot - 05.02.2015 - Budapest - Hungary - Papp Laszlo Sportarena (Source 2)",
  "created": 1748629086,
  "lastUpdated": 1748629086,
  "bands": [
    "Slipknot"
  ],
  "startDate": {
    "day": "05",
    "month": "02",
    "year": "2015"
  },
  "startDateUnix": 1423094400,
  "endDate": {
    "day": "05",
    "month": "02",
    "year": "2015"
  },
  "endDateUnix": 1423094400,
  "location": {
    "city": "Budapest",
    "state": "",
    "country": "Hungary",
    "venue": "Papp Laszlo Sportarena",
    "event": ""
  },
  "tvChannel": "",
  "showName": "",
  "source": "Source 2",
  "category": [
    "video"
  ],
  "master": false,
  "public": true,
  "ownIdentifier": "HDD#С",
  "tradeLabel": "",
  "authoredBy": "",
  "transferredBy": "",
  "notes": "4 cam mix. Mostly its a 2 cam mix (center and close right angles) but its filled with the the other two far right angles. Only XIX, Sarcastrophe, The Devil In I and The Negative One songs are 4 cam mixes. Songs after Before I Forget are just 2 cam mix. Edited and",
  "tapers": [
    "LPMaskMan",
    "Damageinz",
    "fasirt",
    "Linkin Thomas",
    "Attisbootleg"
  ],
  "specs": {
    "media": [
      {
        "type": "BD-25",
        "size": 10.1,
        "unit": "Gb"
      }
    ],
    "chapters": true,
    "menu": true,
    "length": 5880,
    "video": [
      {
        "tvFormat": "",
        "ratio": "",
        "resolution": "1920x1080",
        "bitrateType": "",
        "bitrateKbps": null,
        "fps": "25",
        "standard": "MPEG4",
        "codec": "H264",
        "letterboxed": false
      }
    ],
    "audio": [
      {
        "language": "",
        "codec": "AC3",
        "rateHz": 48000,
        "bitrateKbps": 256,
        "channels": 2
      }
    ],
    "sourceDetail": {
      "recordingType": "AMT",
      "sourceMediaType": "HD",
      "finalMediaType": "BD",
      "fileFormat": "M2TS"
    }
  },
  "relatedShows": [],
  "childOf": "",
  "images": [
    {
      "folder": "56",
      "filename": "11886768.jpg",
      "externalId": "1kNS0-yJHC53EZ5tesD3O6TRDFoC9_BMY"
    },
    {
      "folder": "56",
      "filename": "34118683.jpg",
      "externalId": "1on7TV1AhVgoz8eKNHUM1FZhfl-vDpwll"
    },
    {
      "folder": "56",
      "filename": "36247386.jpg",
      "externalId": "1DrObuP4r1FcrBV-ESY0Kp0sQxTTHkl5W"
    },
    {
      "folder": "56",
      "filename": "24083446.jpg",
      "externalId": "1exdq2JrnjID7GBYj1OBTD1pdxTqGYGZ9"
    }
  ],
  "setlist": [
    {
      "order": 1,
      "song": "XIX",
      "feat": "",
      "note": "tape",
      "comment": "",
      "coverOf": ""
    },
    {
      "order": 2,
      "song": "Sarcastrophe",
      "feat": "",
      "note": "",
      "comment": "",
      "coverOf": ""
    },
    {
      "order": 3,
      "song": "The Heretic Anthem",
      "feat": "",
      "note": "",
      "comment": "",
      "coverOf": ""
    },
    {
      "order": 4,
      "song": "My Plague",
      "feat": "",
      "note": "",
      "comment": "",
      "coverOf": ""
    },
    {
      "order": 5,
      "song": "The Devil In I",
      "feat": "",
      "note": "",
      "comment": "",
      "coverOf": ""
    },
    {
      "order": 6,
      "song": "Psychosocial",
      "feat": "",
      "note": "",
      "comment": "",
      "coverOf": ""
    },
    {
      "order": 7,
      "song": "The Negative One",
      "feat": "",
      "note": "",
      "comment": "",
      "coverOf": ""
    },
    {
      "order": 8,
      "song": "Disasterpiece",
      "feat": "",
      "note": "",
      "comment": "",
      "coverOf": ""
    },
    {
      "order": 9,
      "song": "Opium Of The People",
      "feat": "",
      "note": "",
      "comment": "",
      "coverOf": ""
    },
    {
      "order": 10,
      "song": "Dead Memories",
      "feat": "",
      "note": "",
      "comment": "",
      "coverOf": ""
    },
    {
      "order": 11,
      "song": "Before I Forget",
      "feat": "",
      "note": "",
      "comment": "",
      "coverOf": ""
    },
    {
      "order": 12,
      "song": "Duality",
      "feat": "",
      "note": "",
      "comment": "",
      "coverOf": ""
    },
    {
      "order": 13,
      "song": "The Blister Exists",
      "feat": "",
      "note": "",
      "comment": "",
      "coverOf": ""
    },
    {
      "order": 14,
      "song": "Spit It Out",
      "feat": "",
      "note": "",
      "comment": "",
      "coverOf": ""
    },
    {
      "order": 15,
      "song": "Custer",
      "feat": "",
      "note": "",
      "comment": "",
      "coverOf": ""
    },
    {
      "order": 16,
      "song": "742617000027",
      "feat": "",
      "note": "tape",
      "comment": "",
      "coverOf": ""
    },
    {
      "order": 17,
      "song": "(Sic)",
      "feat": "",
      "note": "",
      "comment": "",
      "coverOf": ""
    },
    {
      "order": 18,
      "song": "People = Shit",
      "feat": "",
      "note": "",
      "comment": "",
      "coverOf": ""
    },
    {
      "order": 19,
      "song": "Surfacing",
      "feat": "",
      "note": "",
      "comment": "",
      "coverOf": ""
    },
    {
      "order": 20,
      "song": "Til We Die",
      "feat": "",
      "note": "tape",
      "comment": "",
      "coverOf": ""
    }
  ],
  "extras": []
}