{
  "originalTitle": "Slipknot - 16.12.1999 - Paris - France - Nulle Part Ailleurs",
  "created": 1748629086,
  "lastUpdated": 1748629086,
  "bands": [
    "Slipknot"
  ],
  "startDate": {
    "day": "16",
    "month": "12",
    "year": "1999"
  },
  "startDateUnix": 945302400,
  "endDate": {
    "day": "16",
    "month": "12",
    "year": "1999"
  },
  "endDateUnix": 945302400,
  "location": {
    "city": "Paris",
    "state": "",
    "country": "France",
    "venue": "Nulle Part Ailleurs",
    "event": ""
  },
  "tvChannel": "",
  "showName": "",
  "source": "",
  "category": [
    "video"
  ],
  "master": false,
  "public": true,
  "ownIdentifier": "HDD#O",
  "tradeLabel": "",
  "authoredBy": "",
  "transferredBy": "",
  "notes": "",
  "tapers": [],
  "specs": {
    "media": [
      {
        "type": "CD",
        "size": 113,
        "unit": "Mb"
      }
    ],
    "chapters": false,
    "menu": false,
    "length": 189,
    "video": [
      {
        "tvFormat": "PAL",
        "ratio": "4:3",
        "resolution": "720x576",
        "bitrateType": "VBR",
        "bitrateKbps": null,
        "fps": "",
        "standard": "",
        "codec": "",
        "letterboxed": false
      }
    ],
    "audio": [
      {
        "language": "",
        "codec": "AC3",
        "rateHz": null,
        "bitrateKbps": null,
        "channels": 2
      }
    ],
    "sourceDetail": {
      "recordingType": "PRO",
      "sourceMediaType": "VHS",
      "finalMediaType": "",
      "fileFormat": "DVD"
    }
  },
  "relatedShows": [],
  "childOf": "",
  "images": [
    {
      "folder": "1",
      "filename": "60240.jpg",
      "externalId": "1pRTayqTq5BVOIsdCuUA4-kDQT0eiKPxO"
    },
    {
      "folder": "1",
      "filename": "70866.jpg",
      "externalId": "1eohXvPz0Uk9Fnd369-pPbGejNm_usv84"
    },
    {
      "folder": "1",
      "filename": "57446.jpg",
      "externalId": "1GLc_3i8nUcbCy7pGeLOubop1lIxmQ_FW"
    },
    {
      "folder": "1",
      "filename": "29611.jpg",
      "externalId": "1TsfEHdSUuPcXcXqrwkjKogfVVByw3MdT"
    },
    {
      "folder": "1",
      "filename": "97733.jpg",
      "externalId": "1Zp4kNljnP6CYjPICnzNRfgXExl8-4WxE"
    },
    {
      "folder": "1",
      "filename": "67182.jpg",
      "externalId": "1PEQ29Eb3EET7aQRR3A0H4RxEwMV8WPNy"
    },
    {
      "folder": "1",
      "filename": "42174.jpg",
      "externalId": "1EMDopVOm-tZGUD7PK4CrprNACNG2pnVQ"
    },
    {
      "folder": "1",
      "filename": "56663.jpg",
      "externalId": "1fkm7f85w1glCqGHWoHuerqafcUMCcOZ2"
    },
    {
      "folder": "1",
      "filename": "29080.jpg",
      "externalId": "167-PEWHiWSMFv7zCWg595_PBydPGrgo2"
    },
    {
      "folder": "1",
      "filename": "67329.jpg",
      "externalId": "1DBpARNrqROMij1XTTXan-o0cKUzQc4NL"
    },
    {
      "folder": "1",
      "filename": "97410.jpg",
      "externalId": "16xnXp5BQtEqu6xNUg3n0dP3aDAgwRfyo"
    },
    {
      "folder": "1",
      "filename": "62078.jpg",
      "externalId": "1p7OG365pZAhMVx-xiHLUTjg2phox8VX_"
    },
    {
      "folder": "1",
      "filename": "77888.jpg",
      "externalId": "1nE5ou-Ow98H6tedayBr4QHSm9tnZYGmq"
    },
    {
      "folder": "1",
      "filename": "06857.jpg",
      "externalId": "1ZXQva__Mj_0obgBsInxDpBSuPeiLGMoN"
    },
    {
      "folder": "1",
      "filename": "64492.jpg",
      "externalId": "1bHZWAnQpLD1_aR7je1mn1lKzwMKz9xha"
    },
    {
      "folder": "1",
      "filename": "19956.jpg",
      "externalId": "187W8EOm4SZVeCcypoPh4USPQlwVbM_K0"
    },
    {
      "folder": "1",
      "filename": "90131.jpg",
      "externalId": "1gaON3rCBkOP90kmqLS2DtwMsVrDTTlyN"
    },
    {
      "folder": "1",
      "filename": "67578.jpg",
      "externalId": "1tBBGJce1daE8wqKVJqwFNtyS5yDB3G5k"
    },
    {
      "folder": "1",
      "filename": "82354.jpg",
      "externalId": "1DCT9Xh1cxqp1EucO_0q1a3E_DX9P9it5"
    },
    {
      "folder": "1",
      "filename": "03227.jpg",
      "externalId": "11-00D0alVwXAcQntYynF9eBWBXtb5vHN"
    }
  ],
  "setlist": [
    {
      "order": 1,
      "song": "Wait And Bleed",
      "feat": "",
      "note": "",
      "comment": "",
      "coverOf": ""
    },
    {
      "order": 1,
      "song": "Talk And Set Up",
      "feat": "",
      "note": "",
      "comment": "",
      "coverOf": ""
    },
    {
      "order": 2,
      "song": "Gone Shooting (Take 2)",
      "feat": "",
      "note": "",
      "comment": "",
      "coverOf": ""
    },
    {
      "order": 3,
      "song": "Go Down (Take 1)",
      "feat": "",
      "note": "",
      "comment": "",
      "coverOf": ""
    },
    {
      "order": 4,
      "song": "Go Down (Take 2)",
      "feat": "",
      "note": "",
      "comment": "",
      "coverOf": ""
    },
    {
      "order": 5,
      "song": "Riff Raff (Take 1)",
      "feat": "",
      "note": "",
      "comment": "",
      "coverOf": ""
    },
    {
      "order": 6,
      "song": "Riff Raff (Take 2)",
      "feat": "",
      "note": "",
      "comment": "",
      "coverOf": ""
    },
    {
      "order": 7,
      "song": "Talk",
      "feat": "",
      "note": "",
      "comment": "",
      "coverOf": ""
    },
    {
      "order": 8,
      "song": "Riff Raff (Take 3)",
      "feat": "",
      "note": "",
      "comment": "",
      "coverOf": ""
    },
    {
      "order": 9,
      "song": "Go Down (Take 3)",
      "feat": "",
      "note": "",
      "comment": "",
      "coverOf": ""
    },
    {
      "order": 10,
      "song": "Talk",
      "feat": "",
      "note": "",
      "comment": "",
      "coverOf": ""
    },
    {
      "order": 11,
      "song": "Superstitious (!)",
      "feat": "",
      "note": "",
      "comment": "",
      "coverOf": ""
    },
    {
      "order": 12,
      "song": "Gone Shooting (Take 3)",
      "feat": "",
      "note": "",
      "comment": "",
      "coverOf": ""
    },
    {
      "order": 1,
      "song": "Bulls On Parade",
      "feat": "",
      "note": "",
      "comment": "",
      "coverOf": ""
    },
    {
      "order": 2,
      "song": "Know Your Enemy (Feat. Maynard From Tool)",
      "feat": "",
      "note": "",
      "comment": "",
      "coverOf": ""
    },
    {
      "order": 3,
      "song": "Vietnow",
      "feat": "",
      "note": "",
      "comment": "",
      "coverOf": ""
    },
    {
      "order": 4,
      "song": "The Ghost Of Tom Joad",
      "feat": "",
      "note": "",
      "comment": "",
      "coverOf": ""
    },
    {
      "order": 5,
      "song": "Bombtrack",
      "feat": "",
      "note": "",
      "comment": "",
      "coverOf": ""
    },
    {
      "order": 6,
      "song": "Down Rodeo",
      "feat": "",
      "note": "",
      "comment": "",
      "coverOf": ""
    },
    {
      "order": 7,
      "song": "Tire Me",
      "feat": "",
      "note": "",
      "comment": "",
      "coverOf": ""
    },
    {
      "order": 8,
      "song": "Darkness Of Greed",
      "feat": "",
      "note": "",
      "comment": "",
      "coverOf": ""
    },
    {
      "order": 9,
      "song": "Fistful Of Steel",
      "feat": "",
      "note": "",
      "comment": "",
      "coverOf": ""
    },
    {
      "order": 10,
      "song": "Revolver",
      "feat": "",
      "note": "",
      "comment": "",
      "coverOf": ""
    },
    {
      "order": 11,
      "song": "Jam",
      "feat": "",
      "note": "",
      "comment": "",
      "coverOf": ""
    },
    {
      "order": 12,
      "song": "Bullet In The Head",
      "feat": "",
      "note": "",
      "comment": "",
      "coverOf": ""
    },
    {
      "order": 13,
      "song": "Freedom",
      "feat": "",
      "note": "",
      "comment": "",
      "coverOf": ""
    },
    {
      "order": 14,
      "song": "Township Rebellion",
      "feat": "",
      "note": "",
      "comment": "",
      "coverOf": ""
    },
    {
      "order": 15,
      "song": "People Of The Sun",
      "feat": "",
      "note": "",
      "comment": "",
      "coverOf": ""
    },
    {
      "order": 16,
      "song": "Roll Right (Jam / Different Version)",
      "feat": "",
      "note": "",
      "comment": "",
      "coverOf": ""
    },
    {
      "order": 17,
      "song": "Killing In The Name",
      "feat": "",
      "note": "",
      "comment": "",
      "coverOf": ""
    },
    {
      "order": 1,
      "song": "Kick Out The Jams",
      "feat": "",
      "note": "",
      "comment": "",
      "coverOf": ""
    },
    {
      "order": 2,
      "song": "Bulls On Parade",
      "feat": "",
      "note": "",
      "comment": "",
      "coverOf": ""
    },
    {
      "order": 3,
      "song": "Testify",
      "feat": "",
      "note": "",
      "comment": "",
      "coverOf": ""
    },
    {
      "order": 4,
      "song": "Guerrilla Radio",
      "feat": "",
      "note": "",
      "comment": "",
      "coverOf": ""
    },
    {
      "order": 5,
      "song": "Calm Like A Bomb",
      "feat": "",
      "note": "",
      "comment": "",
      "coverOf": ""
    },
    {
      "order": 6,
      "song": "Bombtrack",
      "feat": "",
      "note": "",
      "comment": "",
      "coverOf": ""
    },
    {
      "order": 7,
      "song": "No Shelter",
      "feat": "",
      "note": "",
      "comment": "",
      "coverOf": ""
    },
    {
      "order": 8,
      "song": "The Ghost Of Tom Joad",
      "feat": "",
      "note": "",
      "comment": "",
      "coverOf": ""
    },
    {
      "order": 9,
      "song": "Born Of A Broken Man",
      "feat": "",
      "note": "",
      "comment": "",
      "coverOf": ""
    },
    {
      "order": 10,
      "song": "Know Your Enemy",
      "feat": "",
      "note": "",
      "comment": "",
      "coverOf": ""
    },
    {
      "order": 11,
      "song": "Bullet In The Head",
      "feat": "",
      "note": "",
      "comment": "",
      "coverOf": ""
    },
    {
      "order": 12,
      "song": "Sleep Now In The Fire",
      "feat": "",
      "note": "",
      "comment": "",
      "coverOf": ""
    },
    {
      "order": 13,
      "song": "War Within A Breath",
      "feat": "",
      "note": "",
      "comment": "",
      "coverOf": ""
    },
    {
      "order": 14,
      "song": "Freedom",
      "feat": "",
      "note": "",
      "comment": "",
      "coverOf": ""
    },
    {
      "order": 15,
      "song": "Killing In The Name",
      "feat": "",
      "note": "",
      "comment": "",
      "coverOf": ""
    }
  ],
  "extras": []
}