{
  "originalTitle": "Sting - 20.03.2012 - London - England - Hammersmith Apollo",
  "created": 1748629086,
  "lastUpdated": 1748629086,
  "bands": [
    "Sting"
  ],
  "startDate": {
    "day": "20",
    "month": "03",
    "year": "2012"
  },
  "startDateUnix": 1332201600,
  "endDate": {
    "day": "20",
    "month": "03",
    "year": "2012"
  },
  "endDateUnix": 1332201600,
  "location": {
    "city": "London",
    "state": "",
    "country": "England",
    "venue": "Hammersmith Apollo",
    "event": ""
  },
  "tvChannel": "",
  "showName": "",
  "source": "",
  "category": [
    "video"
  ],
  "master": false,
  "public": true,
  "ownIdentifier": "HDD#F",
  "tradeLabel": "",
  "authoredBy": "",
  "transferredBy": "",
  "notes": "Incomplete.",
  "tapers": [],
  "specs": {
    "media": [
      {
        "type": "DVD-5",
        "size": 1.78,
        "unit": "Gb"
      }
    ],
    "chapters": true,
    "menu": true,
    "length": 1799,
    "video": [
      {
        "tvFormat": "PAL",
        "ratio": "16:9",
        "resolution": "720x576",
        "bitrateType": "VBR",
        "bitrateKbps": null,
        "fps": "",
        "standard": "",
        "codec": "",
        "letterboxed": true
      }
    ],
    "audio": [
      {
        "language": "en",
        "codec": "AC3",
        "rateHz": null,
        "bitrateKbps": null,
        "channels": 2
      }
    ],
    "sourceDetail": {
      "recordingType": "AMT",
      "sourceMediaType": "Digicam",
      "finalMediaType": "",
      "fileFormat": "DVD"
    }
  },
  "relatedShows": [],
  "childOf": "",
  "images": [
    {
      "folder": "45",
      "filename": "04835002.jpg",
      "externalId": "1J553uS7rgl5eBLrlUtb2C2bK_-KQ-_hG"
    },
    {
      "folder": "45",
      "filename": "85289687.jpg",
      "externalId": "1KZvk8WHNn5ETAolx7B4d-yDUUQQV6G0W"
    },
    {
      "folder": "45",
      "filename": "29649486.jpg",
      "externalId": "1GsT8ll-4EcWHILM0SKujNOAVQUQVDRK3"
    },
    {
      "folder": "45",
      "filename": "74078815.jpg",
      "externalId": "1KHP8IPCvwF_NFI7GHApR_WlCPQE_fnmK"
    }
  ],
  "setlist": [
    {
      "order": 1,
      "song": "Stolen Car",
      "feat": "",
      "note": "",
      "comment": "",
      "coverOf": ""
    },
    {
      "order": 2,
      "song": "Hounds Of Winter",
      "feat": "",
      "note": "",
      "comment": "",
      "coverOf": ""
    },
    {
      "order": 3,
      "song": "Desert Rose",
      "feat": "",
      "note": "",
      "comment": "",
      "coverOf": ""
    },
    {
      "order": 4,
      "song": "Every Breath You Take",
      "feat": "",
      "note": "",
      "comment": "",
      "coverOf": ""
    },
    {
      "order": 5,
      "song": "Next To You",
      "feat": "",
      "note": "",
      "comment": "",
      "coverOf": ""
    },
    {
      "order": 6,
      "song": "Message In A Bottle",
      "feat": "",
      "note": "",
      "comment": "",
      "coverOf": ""
    }
  ],
  "extras": []
}