{
  "originalTitle": "System Of A Down - 07.08.2013 - Anapa - Russia - Blagoveshenskaya - Kubana Festival (Source 1)",
  "created": 1748629086,
  "lastUpdated": 1748629086,
  "bands": [
    "System Of A Down"
  ],
  "startDate": {
    "day": "07",
    "month": "08",
    "year": "2013"
  },
  "startDateUnix": 1375833600,
  "endDate": {
    "day": "07",
    "month": "08",
    "year": "2013"
  },
  "endDateUnix": 1375833600,
  "location": {
    "city": "Anapa",
    "state": "",
    "country": "Russia",
    "venue": "Blagoveshenskaya",
    "event": "Kubana Festival"
  },
  "tvChannel": "",
  "showName": "",
  "source": "Source 1",
  "category": [
    "video"
  ],
  "master": false,
  "public": true,
  "ownIdentifier": "HDD#J",
  "tradeLabel": "",
  "authoredBy": "",
  "transferredBy": "",
  "notes": "",
  "tapers": [],
  "specs": {
    "media": [
      {
        "type": "BD-25",
        "size": 17.9,
        "unit": "Gb"
      }
    ],
    "chapters": false,
    "menu": false,
    "length": null,
    "video": {
      "format": "",
      "ratio": "",
      "resolution": "",
      "bitrateType": "",
      "bitrateKbps": null,
      "letterboxed": false
    },
    "audio": {
      "language": "",
      "codec": "",
      "bitrateKbps": null,
      "channels": null
    },
    "sourceDetail": {
      "type": "",
      "extra": "",
      "medium": ""
    }
  },
  "relatedShows": [],
  "childOf": "",
  "images": [
    {
      "folder": "48",
      "filename": "20026560.jpg",
      "externalId": "1RiIYs17MS7B9xO8NGNA-FfumpkD83rMd"
    },
    {
      "folder": "48",
      "filename": "56795989.jpg",
      "externalId": "1upEe8-ZgPdgsWBSN31pWPUCuK453fBbU"
    },
    {
      "folder": "48",
      "filename": "04169020.jpg",
      "externalId": "1HzHXc5RiEFFbLpH6V3VnIBrzbLx8gGmM"
    },
    {
      "folder": "48",
      "filename": "70742482.jpg",
      "externalId": "1FZVp9gpbhtHmOW8NtBR6Q4WBEUhW2YLQ"
    }
  ],
  "setlist": []
}