{
  "originalTitle": "The Rolling Stones - 24.06.2013 - Washington - DC - USA - Verizon Center",
  "created": 1748629086,
  "lastUpdated": 1748629086,
  "bands": [
    "The Rolling Stones"
  ],
  "startDate": {
    "day": "24",
    "month": "06",
    "year": "2013"
  },
  "startDateUnix": 1372032000,
  "endDate": {
    "day": "24",
    "month": "06",
    "year": "2013"
  },
  "endDateUnix": 1372032000,
  "location": {
    "city": "Washington",
    "state": "DC",
    "country": "USA",
    "venue": "Verizon Center",
    "event": ""
  },
  "tvChannel": "",
  "showName": "",
  "source": "",
  "category": [
    "video"
  ],
  "master": false,
  "public": true,
  "ownIdentifier": "HDD#J",
  "tradeLabel": "",
  "authoredBy": "",
  "transferredBy": "",
  "notes": "",
  "tapers": [],
  "specs": {
    "media": [
      {
        "type": "BD-25",
        "size": 22,
        "unit": "Gb"
      }
    ],
    "chapters": false,
    "menu": false,
    "length": null,
    "video": {
      "format": "",
      "ratio": "",
      "resolution": "",
      "bitrateType": "",
      "bitrateKbps": null,
      "letterboxed": false
    },
    "audio": {
      "language": "",
      "codec": "",
      "bitrateKbps": null,
      "channels": null
    },
    "sourceDetail": {
      "type": "",
      "extra": "",
      "medium": ""
    }
  },
  "relatedShows": [],
  "childOf": "",
  "images": [
    {
      "folder": "48",
      "filename": "70175807.jpg",
      "externalId": "1eiDdAqo0xXhCCfrU2aiUcY3U0x3La4mP"
    },
    {
      "folder": "48",
      "filename": "51290821.jpg",
      "externalId": "1I5KnA2ezAdwSqPq9zlq3rzCVvYCUzBmw"
    },
    {
      "folder": "48",
      "filename": "95528429.jpg",
      "externalId": "1lFxJ1IIWV61biThe8dRwELoqxpfzAagF"
    },
    {
      "folder": "48",
      "filename": "10547490.jpg",
      "externalId": "1YmU73yC-GnvMLQJ3iBT6MViC-sndt1TJ"
    }
  ],
  "setlist": []
}