{
  "originalTitle": "Thy Art Is Murder - 11.07.2013 - Moscow - Russia - Plan B Club",
  "created": 1748629086,
  "lastUpdated": 1748629086,
  "bands": [
    "Thy Art Is Murder"
  ],
  "startDate": {
    "day": "11",
    "month": "07",
    "year": "2013"
  },
  "startDateUnix": 1373500800,
  "endDate": {
    "day": "11",
    "month": "07",
    "year": "2013"
  },
  "endDateUnix": 1373500800,
  "location": {
    "city": "Moscow",
    "state": "",
    "country": "Russia",
    "venue": "Plan B Club",
    "event": ""
  },
  "tvChannel": "",
  "showName": "",
  "source": "",
  "category": [
    "video"
  ],
  "master": true,
  "public": true,
  "ownIdentifier": "HDD#O",
  "tradeLabel": "",
  "authoredBy": "",
  "transferredBy": "",
  "notes": "",
  "tapers": [
    "Vortex"
  ],
  "specs": {
    "media": [
      {
        "type": "DVD-5",
        "size": 2.64,
        "unit": "Gb"
      }
    ],
    "chapters": true,
    "menu": true,
    "length": 1351,
    "video": [
      {
        "tvFormat": "",
        "ratio": "",
        "resolution": "1920x1080",
        "bitrateType": "",
        "bitrateKbps": null,
        "fps": "25.00",
        "standard": "MPEG4",
        "codec": "H264",
        "letterboxed": false
      }
    ],
    "audio": [
      {
        "language": "",
        "codec": "AC3",
        "rateHz": 48000,
        "bitrateKbps": null,
        "channels": 2
      }
    ],
    "sourceDetail": {
      "recordingType": "AMT",
      "sourceMediaType": "HD",
      "finalMediaType": "BD",
      "fileFormat": "M2TS"
    }
  },
  "relatedShows": [
    "between_the_buried_and_me_11_07_2013_video"
  ],
  "childOf": "",
  "images": [
    {
      "folder": "47",
      "filename": "13447553.jpg",
      "externalId": "1FRJqsn4GEL9ADvr4ScPQiboaznO-Ru_t"
    },
    {
      "folder": "47",
      "filename": "10107312.jpg",
      "externalId": "1FsamGeyNfN6-Nhqedjew5G326qrouvkh"
    },
    {
      "folder": "47",
      "filename": "72385356.jpg",
      "externalId": "1xDlw1Di_9C6TOtjJFYuwKV2mNw03YHQx"
    },
    {
      "folder": "47",
      "filename": "48473464.jpg",
      "externalId": "1l6cm_KNQ5zK4MHZhKjupgZXuhC4AvSkj"
    }
  ],
  "setlist": [
    {
      "order": 1,
      "song": "The Purest Strain Of Hate",
      "feat": "",
      "note": "incomplete",
      "comment": "",
      "coverOf": ""
    },
    {
      "order": 2,
      "song": "Dead Sun",
      "feat": "",
      "note": "",
      "comment": "",
      "coverOf": ""
    },
    {
      "order": 3,
      "song": "Unholy Sermons",
      "feat": "",
      "note": "tape",
      "comment": "",
      "coverOf": ""
    },
    {
      "order": 4,
      "song": "Soldiers Of Immortality",
      "feat": "",
      "note": "",
      "comment": "",
      "coverOf": ""
    },
    {
      "order": 5,
      "song": "Cowards Throne",
      "feat": "",
      "note": "",
      "comment": "",
      "coverOf": ""
    },
    {
      "order": 6,
      "song": "Whore To A Chainsaw",
      "feat": "",
      "note": "",
      "comment": "",
      "coverOf": ""
    },
    {
      "order": 7,
      "song": "Reign Of Darkness",
      "feat": "",
      "note": "",
      "comment": "",
      "coverOf": ""
    }
  ],
  "extras": []
}