{
  "originalTitle": "Upon A Burning Body - 22.10.2012 - Brussels - Belgium - Ancienne Belgique",
  "created": 1748629086,
  "lastUpdated": 1748629086,
  "bands": [
    "Upon A Burning Body"
  ],
  "startDate": {
    "day": "22",
    "month": "10",
    "year": "2012"
  },
  "startDateUnix": 1350864000,
  "endDate": {
    "day": "22",
    "month": "10",
    "year": "2012"
  },
  "endDateUnix": 1350864000,
  "location": {
    "city": "Brussels",
    "state": "",
    "country": "Belgium",
    "venue": "Ancienne Belgique",
    "event": ""
  },
  "tvChannel": "",
  "showName": "",
  "source": "",
  "category": [
    "video"
  ],
  "master": false,
  "public": true,
  "ownIdentifier": "",
  "tradeLabel": "",
  "authoredBy": "",
  "transferredBy": "",
  "notes": "",
  "tapers": [],
  "specs": {
    "media": [
      {
        "type": "DVD-9",
        "size": 4.88,
        "unit": "Gb"
      }
    ],
    "chapters": false,
    "menu": false,
    "length": null,
    "video": {
      "format": "",
      "ratio": "",
      "resolution": "",
      "bitrateType": "",
      "bitrateKbps": null,
      "letterboxed": false
    },
    "audio": {
      "language": "",
      "codec": "",
      "bitrateKbps": null,
      "channels": null
    },
    "sourceDetail": {
      "type": "",
      "extra": "",
      "medium": ""
    }
  },
  "relatedShows": [],
  "childOf": "",
  "images": [
    {
      "folder": "43",
      "filename": "02186418.jpg",
      "externalId": "1-uI0BC0QfaI-j6tcI_hPCE3SS5YYNEI0"
    },
    {
      "folder": "43",
      "filename": "12672467.jpg",
      "externalId": "1ppL4JkJ-XFEbjVeCupMhug42CSZW4FGs"
    },
    {
      "folder": "43",
      "filename": "25431047.jpg",
      "externalId": "1xp1I5qINYAszRFLiEbfottyuxTGCAQzC"
    },
    {
      "folder": "43",
      "filename": "43115293.jpg",
      "externalId": "1IXh9oX17IMmmLlLcxPVelIi3LBma8Eyy"
    }
  ],
  "setlist": [
    {
      "order": 1,
      "song": "Showtime",
      "feat": "",
      "note": "",
      "comment": "",
      "coverOf": ""
    },
    {
      "order": 2,
      "song": "Carlito's Way",
      "feat": "",
      "note": "",
      "comment": "",
      "coverOf": ""
    },
    {
      "order": 3,
      "song": "Devil's Advocate",
      "feat": "",
      "note": "",
      "comment": "",
      "coverOf": ""
    },
    {
      "order": 4,
      "song": "Sin City",
      "feat": "",
      "note": "",
      "comment": "",
      "coverOf": ""
    },
    {
      "order": 5,
      "song": "Once Upon A Time In Mexico",
      "feat": "",
      "note": "",
      "comment": "",
      "coverOf": ""
    },
    {
      "order": 6,
      "song": "El Mariachi",
      "feat": "",
      "note": "",
      "comment": "",
      "coverOf": ""
    },
    {
      "order": 7,
      "song": "Texas Blood Money",
      "feat": "",
      "note": "",
      "comment": "",
      "coverOf": ""
    },
    {
      "order": 8,
      "song": "Intermission",
      "feat": "",
      "note": "",
      "comment": "",
      "coverOf": ""
    }
  ],
  "extras": []
}