{
  "originalTitle": "Zakk Wylde - 09.04.2014 - Moscow - Russia - Stadium Live - Metal All Stars",
  "created": 1748629086,
  "lastUpdated": 1748629086,
  "bands": [
    "Zakk Wylde"
  ],
  "startDate": {
    "day": "09",
    "month": "04",
    "year": "2014"
  },
  "startDateUnix": 1397001600,
  "endDate": {
    "day": "09",
    "month": "04",
    "year": "2014"
  },
  "endDateUnix": 1397001600,
  "location": {
    "city": "Moscow",
    "state": "",
    "country": "Russia",
    "venue": "Stadium Live",
    "event": "Metal All Stars"
  },
  "tvChannel": "",
  "showName": "",
  "source": "",
  "category": [
    "video"
  ],
  "master": true,
  "public": true,
  "ownIdentifier": "HDD#J​​​​​​​",
  "tradeLabel": "",
  "authoredBy": "",
  "transferredBy": "",
  "notes": "Good recording!",
  "tapers": [
    "Vortex"
  ],
  "specs": {
    "media": [
      {
        "type": "DVD-9",
        "size": 5.54,
        "unit": "Gb"
      }
    ],
    "chapters": true,
    "menu": true,
    "length": 2833,
    "video": [
      {
        "tvFormat": "",
        "ratio": "",
        "resolution": "1920x1080",
        "bitrateType": "",
        "bitrateKbps": null,
        "fps": "25",
        "standard": "MPEG4",
        "codec": "H264",
        "letterboxed": false
      }
    ],
    "audio": [
      {
        "language": "",
        "codec": "AC3",
        "rateHz": 48000,
        "bitrateKbps": 384,
        "channels": 2
      }
    ],
    "sourceDetail": {
      "recordingType": "AMT",
      "sourceMediaType": "HD",
      "finalMediaType": "BD",
      "fileFormat": "M2TS"
    }
  },
  "relatedShows": [
    "brian_fair_09_04_2014_video",
    "udo_dirkschneider_09_04_2014_video",
    "max_cavalera_09_04_2014_video",
    "joey_belladonna_09_04_2014_video",
    "kobra_paige_09_04_2014_video"
  ],
  "childOf": "[VARIOUS ARTISTS] - 09.04.2014 - Moscow - Russia - Stadium Live - Metal All Stars",
  "images": [
    {
      "folder": "55",
      "filename": "18762758.jpg",
      "externalId": "1fBSD9iyvchiycr23Ncif2GDuB9lXO9XP"
    },
    {
      "folder": "55",
      "filename": "60342295.jpg",
      "externalId": "1ukThwRlJiLNgx25O3e3IGACye90UhjHc"
    },
    {
      "folder": "55",
      "filename": "50894772.jpg",
      "externalId": "1bSYcvMOWHOP-PIU9zOhEMTwEspdsC7nA"
    },
    {
      "folder": "55",
      "filename": "89593118.jpg",
      "externalId": "19oGnYY27yVp1NArb32QHxQtwyJlSFXhZ"
    }
  ],
  "setlist": [
    {
      "order": 1,
      "song": "Into The Void",
      "feat": "",
      "note": "",
      "comment": "",
      "coverOf": "Black Sabbath"
    },
    {
      "order": 2,
      "song": "Fairies Wear Boots",
      "feat": "",
      "note": "",
      "comment": "",
      "coverOf": "Black Sabbath"
    },
    {
      "order": 3,
      "song": "N.I.B.",
      "feat": "",
      "note": "",
      "comment": "",
      "coverOf": "Black Sabbath"
    },
    {
      "order": 4,
      "song": "Stillborn",
      "feat": "",
      "note": "",
      "comment": "",
      "coverOf": "Black Label Society"
    },
    {
      "order": 5,
      "song": "War Pigs",
      "feat": "",
      "note": "",
      "comment": "",
      "coverOf": "Black Sabbath"
    }
  ],
  "extras": []
}