{
  "originalTitle": "Korn - [MISC 6 - Compilation]",
  "created": 1746964495,
  "lastUpdated": 1746964495,
  "bands": [
    "Korn"
  ],
  "startDate": {
    "day": "",
    "month": "",
    "year": ""
  },
  "startDateUnix": null,
  "endDate": {
    "day": "",
    "month": "",
    "year": ""
  },
  "endDateUnix": null,
  "location": {
    "city": "Korn",
    "state": "",
    "country": "[MISC 6",
    "venue": "Compilation]",
    "event": ""
  },
  "tvChannel": "",
  "showName": "",
  "source": "",
  "category": [
    "video",
    "compilation"
  ],
  "master": false,
  "public": true,
  "ownIdentifier": "HDD#C",
  "tradeLabel": "",
  "authoredBy": "",
  "transferredBy": "",
  "notes": "",
  "tapers": [],
  "specs": {
    "media": [
      {
        "type": "DVD-5",
        "size": 2.93,
        "unit": "Gb"
      }
    ],
    "chapters": true,
    "menu": true,
    "length": 2799,
    "video": [
      {
        "tvFormat": "PAL",
        "ratio": "4:3",
        "resolution": "704x576",
        "bitrateType": "VBR",
        "bitrateKbps": null,
        "fps": "",
        "standard": "",
        "codec": "",
        "letterboxed": false
      }
    ],
    "audio": [
      {
        "language": "",
        "codec": "AC3",
        "rateHz": null,
        "bitrateKbps": null,
        "channels": 2
      }
    ],
    "sourceDetail": {
      "recordingType": "PRO",
      "sourceMediaType": "",
      "finalMediaType": "",
      "fileFormat": "DVD"
    }
  },
  "relatedShows": [],
  "childOf": "",
  "images": [
    {
      "folder": "60",
      "filename": "09517261.jpg",
      "externalId": "1-zBYTTRcIbkfEKaqYhukRiwLYS4EsT78"
    },
    {
      "folder": "60",
      "filename": "70402739.jpg",
      "externalId": "1dsedhaN7-vpSteQd9FJFUXW1Ecqk-gNu"
    },
    {
      "folder": "60",
      "filename": "57154184.jpg",
      "externalId": "1Lh1ksQeAgj9lsvmByeYCVAe-f60DNFO0"
    },
    {
      "folder": "60",
      "filename": "16573845.jpg",
      "externalId": "1xaBWTC9WBMxWWq44M9jZgO80DflgcJFX"
    }
  ],
  "parentOf": [
    "korn_xx_xx_1999_usa_mtv_studios_misc_video_misc",
    "korn_xx_xx_2001_usa_mtv_studios_family_values_tour_source_2_misc_video_misc",
    "korn_01_07_2004_source_2_video",
    "korn_xx_xx_2004_mtv_news_misc_video_misc",
    "korn_xx_xx_2002_new_york_ny_usa_mtv_studios_trl_show_source_2_misc_video_misc",
    "korn_12_06_2002_source_1_video_misc",
    "korn_xx_xx_2002_usa_mtv_story_behind_untouchables_source_2_misc_video_misc",
    "korn_xx_xx_1999_usa_mtv_korn_day_show_misc_video_misc"
  ],
  "setlist": []
}