{
  "originalTitle": "Korn - [MISC 3 - Compilation]",
  "created": 1746964495,
  "lastUpdated": 1746964495,
  "bands": [
    "Korn",
    "Limp Bizkit"
  ],
  "startDate": {
    "day": "",
    "month": "",
    "year": ""
  },
  "startDateUnix": null,
  "endDate": {
    "day": "",
    "month": "",
    "year": ""
  },
  "endDateUnix": null,
  "location": {
    "city": "Korn",
    "state": "",
    "country": "[MISC 3",
    "venue": "Compilation]",
    "event": ""
  },
  "tvChannel": "",
  "showName": "",
  "source": "",
  "category": [
    "video",
    "compilation"
  ],
  "master": false,
  "public": true,
  "ownIdentifier": "HDD#C",
  "tradeLabel": "",
  "authoredBy": "",
  "transferredBy": "",
  "notes": "",
  "tapers": [],
  "specs": {
    "media": [
      {
        "type": "DVD-5",
        "size": 2.78,
        "unit": "Gb"
      }
    ],
    "chapters": true,
    "menu": true,
    "length": 5310,
    "video": [
      {
        "tvFormat": "NTSC",
        "ratio": "4:3",
        "resolution": "720x480",
        "bitrateType": "VBR",
        "bitrateKbps": null,
        "fps": "",
        "standard": "",
        "codec": "",
        "letterboxed": false
      }
    ],
    "audio": [
      {
        "language": "",
        "codec": "AC3",
        "rateHz": null,
        "bitrateKbps": null,
        "channels": 2
      }
    ],
    "sourceDetail": {
      "recordingType": "PRO",
      "sourceMediaType": "",
      "finalMediaType": "",
      "fileFormat": "DVD"
    }
  },
  "relatedShows": [],
  "childOf": "",
  "images": [
    {
      "folder": "60",
      "filename": "95895069.jpg",
      "externalId": "1hIDrkMyrhNV2fk4L4SzvBywzI7ffp1cZ"
    },
    {
      "folder": "60",
      "filename": "49323323.jpg",
      "externalId": "1CGwLo31bvCRMMAdKbIAtFD2xvLXvuc8P"
    },
    {
      "folder": "60",
      "filename": "88929431.jpg",
      "externalId": "1pzIg23ls6abDBZSHtFDyIEpF9jpFY_b0"
    },
    {
      "folder": "60",
      "filename": "11003991.jpg",
      "externalId": "1gbtkLK9aBaIuN9_2vqC8PxY15VsE40H1"
    }
  ],
  "parentOf": [
    "korn_xx_xx_1995_usa_interview_with_rick_davis_source_2_misc_video_misc",
    "korn_xx_xx_1997_usa_mtv_studios_12_angry_mothers_show_misc_video_misc",
    "korn_19_08_1998_video_misc",
    "korn_xx_xx_1998_los_angeles_ca_usa_mtv_fanatic_show_source_2_misc_video_misc",
    "korn_09_09_1999_video_misc",
    "korn_xx_xx_1999_usa_video",
    "korn_xx_xx_1999_usa_mtv_return_of_the_rock_misc_video_misc",
    "korn_07_02_2000_video_misc",
    "limp_bizkit_07_02_2000_video_misc",
    "korn_xx_xx_2000_usa_issues_advertisement_misc_video_misc",
    "korn_17_06_2000_video",
    "limp_bizkit_17_06_2000_video",
    "korn_xx_xx_2000_usa_vh1s_100_hard_rock_greatest_artists_misc_video_misc",
    "korn_22_08_2001_video_misc",
    "korn_18_02_2001_video_misc",
    "korn_xx_xx_2001_usa_mtv_studios_know_the_band_show_misc_video_misc",
    "korn_xx_xx_2001_new_york_ny_usa_mtv_studios_trl_show_misc_video_misc",
    "korn_xx_xx_2001_usa_vh1s_100_greatest_videos_misc_video_misc",
    "korn_08_02_2002_video_misc",
    "korn_19_02_2002_video_misc",
    "korn_24_04_2002_video_misc",
    "korn_xx_xx_2002_european_tour_commercial_tour_with_no_name_advertisement_source_2_misc_video_misc",
    "korn_xx_xx_2002_los_angeles_ca_usa_fieldys_house_mtv_cribs_show_source_2_misc_video_misc",
    "korn_xx_xx_2002_mtv_studios_the_new_music_misc_video_misc",
    "korn_12_06_2002_source_2_video_misc",
    "korn_xx_xx_2002_usa_fuse_tv_uranium_juliyas_diary_misc_video_misc",
    "korn_04_12_2002_video_misc",
    "korn_xx_xx_2003_usa_mtv_studios_mtv2s_22_greates_bands_misc_video_misc",
    "korn_xx_xx_2004_san_fernando_ca_usa_spike_tv_ride_with_funkmaster_flex_show_misc_video_misc",
    "korn_11_08_2004_video_misc"
  ],
  "setlist": []
}