{
  "originalTitle": "Marilyn Manson - [1999-2000] - TV Appearances [Compilation]",
  "created": 1746964495,
  "lastUpdated": 1746964495,
  "bands": [
    "Marilyn Manson"
  ],
  "startDate": {
    "day": "",
    "month": "",
    "year": "1999"
  },
  "startDateUnix": null,
  "endDate": {
    "day": "",
    "month": "",
    "year": "2000"
  },
  "endDateUnix": null,
  "location": {
    "city": "Marilyn Manson",
    "state": "",
    "country": "-",
    "venue": "",
    "event": ""
  },
  "tvChannel": "",
  "showName": "TV Appearances",
  "source": "",
  "category": [
    "video",
    "compilation"
  ],
  "master": false,
  "public": true,
  "ownIdentifier": "HDD#J",
  "tradeLabel": "",
  "authoredBy": "",
  "transferredBy": "",
  "notes": "",
  "tapers": [],
  "specs": {
    "media": [
      {
        "type": "DVD-5",
        "size": 4.2,
        "unit": "Gb"
      }
    ],
    "chapters": false,
    "menu": false,
    "length": 7407,
    "video": [
      {
        "tvFormat": "NTSC",
        "ratio": "4:3",
        "resolution": "720x480",
        "bitrateType": "VBR",
        "bitrateKbps": null,
        "fps": "",
        "standard": "",
        "codec": "",
        "letterboxed": false
      }
    ],
    "audio": [
      {
        "language": "",
        "codec": "MPEG1",
        "rateHz": null,
        "bitrateKbps": null,
        "channels": 2
      }
    ],
    "sourceDetail": {
      "recordingType": "AMT",
      "sourceMediaType": "VHS",
      "finalMediaType": "",
      "fileFormat": "DVD"
    }
  },
  "relatedShows": [],
  "childOf": "",
  "images": [
    {
      "folder": "62",
      "filename": "85454191.jpg",
      "externalId": "1ZLtYRQAoOUqmkD6G61pRSNgnDCg6QLo4"
    },
    {
      "folder": "62",
      "filename": "03841763.jpg",
      "externalId": "1ERgbvzpTQNTUqEdEcuudrkqGRTPCdNYU"
    },
    {
      "folder": "62",
      "filename": "81616586.jpg",
      "externalId": "1Qs9n7Ah6VpQt5OCWyO3_B88Lezznh27i"
    },
    {
      "folder": "62",
      "filename": "44265630.jpg",
      "externalId": "14VKoGAyalgDAlj7iTNmhRBPN4L69bbre"
    }
  ],
  "parentOf": [
    "marilyn_manson_07_08_1999_video",
    "marilyn_manson_05_11_2000_source_2_video_misc",
    "marilyn_manson_07_08_1999_video",
    "marilyn_manson_03_07_1999_video"
  ],
  "setlist": []
}