{
  "originalTitle": "[VARIOUS ARTISTS] - [10.06.2005 -- 12.06.2005] - Donington - England - Donington Park - Download Festival",
  "created": 1749977449,
  "lastUpdated": 1749977449,
  "bands": [
    "Slipknot",
    "Nightwish",
    "Mastodon",
    "Motorhead",
    "Lordi",
    "Trivium",
    "Killswitch Engage",
    "Bullet For My Valentine",
    "Funeral For A Friend",
    "Lacuna Coil",
    "Slayer",
    "Mudvayne",
    "Apocalyptica",
    "System Of A Down"
  ],
  "startDate": {
    "day": "10",
    "month": "06",
    "year": "2005"
  },
  "startDateUnix": 1118361600,
  "endDate": {
    "day": "12",
    "month": "06",
    "year": "2005"
  },
  "endDateUnix": 1118534400,
  "location": {
    "city": "Donington",
    "state": "",
    "country": "England",
    "venue": "Donington Park",
    "event": "Download Festival"
  },
  "tvChannel": "",
  "showName": "",
  "source": "",
  "category": [
    "video",
    "compilation"
  ],
  "master": false,
  "public": true,
  "ownIdentifier": "HDD#J",
  "tradeLabel": "",
  "authoredBy": "",
  "transferredBy": "",
  "notes": "",
  "tapers": [],
  "specs": {
    "media": [
      {
        "type": "DVD-5",
        "size": 2.85,
        "unit": "Gb"
      }
    ],
    "chapters": true,
    "menu": false,
    "length": 2746,
    "video": [
      {
        "tvFormat": "NTSC",
        "ratio": "16:9",
        "resolution": "720x480",
        "bitrateType": "VBR",
        "bitrateKbps": null,
        "fps": "",
        "standard": "",
        "codec": "",
        "letterboxed": true
      }
    ],
    "audio": [
      {
        "language": "en",
        "codec": "AC3",
        "rateHz": null,
        "bitrateKbps": null,
        "channels": 2
      }
    ],
    "sourceDetail": {
      "recordingType": "PRO",
      "sourceMediaType": "",
      "finalMediaType": "",
      "fileFormat": "DVD"
    }
  },
  "relatedShows": [],
  "childOf": "",
  "images": [
    {
      "folder": "63",
      "filename": "54628755.jpg",
      "externalId": "1HPtonEgdNy6xWnBcZJgOzgE5vbBhiArR"
    },
    {
      "folder": "63",
      "filename": "83035577.jpg",
      "externalId": "12GtoJbM5JHiTWDqjcCPLkuACoFnoymkf"
    },
    {
      "folder": "63",
      "filename": "54983911.jpg",
      "externalId": "19yfZWA6J6T1maVnjWuWOma7c6d9DQvSD"
    },
    {
      "folder": "63",
      "filename": "32736383.jpg",
      "externalId": "1UBsQQcNzBH5cc41HKLsJAhBJCviw9b-L"
    }
  ],
  "parentOf": [
    "slipknot_12_06_2005_source_5_video",
    "nightwish_12_06_2005_video",
    "mastodon_12_06_2005_video",
    "motorhead_12_06_2005_video",
    "lordi_10_06_2005_video",
    "trivium_12_06_2005_video",
    "killswitch_engage_12_06_2005_video",
    "bullet_for_my_valentine_11_06_2005_video",
    "funeral_for_a_friend_12_06_2005_video",
    "lacuna_coil_12_06_2005_video",
    "slayer_12_06_2005_video",
    "mudvayne_12_06_2005_source_2_video",
    "apocalyptica_10_06_2005_video",
    "system_of_a_down_12_06_2005_source_3_video"
  ]
}