{
  "originalTitle": "[VARIOUS ARTISTS] - [01.08.2009 -- 02.08.2009] - Knebworth - England - Knebworth Park - Sonisphere Festival",
  "created": 1749977449,
  "lastUpdated": 1749977449,
  "bands": [
    "Linkin Park",
    "Heaven And Hell",
    "The Used",
    "Alien Ant Farm",
    "Anthrax",
    "Bullet For My Valentine",
    "Metallica",
    "Alice In Chains",
    "Machine Head",
    "Limp Bizkit"
  ],
  "startDate": {
    "day": "01",
    "month": "08",
    "year": "2009"
  },
  "startDateUnix": 1249084800,
  "endDate": {
    "day": "02",
    "month": "08",
    "year": "2009"
  },
  "endDateUnix": 1249171200,
  "location": {
    "city": "Knebworth",
    "state": "",
    "country": "England",
    "venue": "Knebworth Park",
    "event": "Sonisphere Festival"
  },
  "tvChannel": "",
  "showName": "",
  "source": "",
  "category": [
    "video",
    "compilation"
  ],
  "master": false,
  "public": true,
  "ownIdentifier": "HDD#J",
  "tradeLabel": "",
  "authoredBy": "",
  "transferredBy": "",
  "notes": "",
  "tapers": [],
  "specs": {
    "media": [
      {
        "type": "BD-25",
        "size": 12.9,
        "unit": "Gb"
      }
    ],
    "chapters": true,
    "menu": true,
    "length": 5956,
    "video": [
      {
        "tvFormat": "",
        "ratio": "",
        "resolution": "1920x1080",
        "bitrateType": "",
        "bitrateKbps": null,
        "fps": "29.97",
        "standard": "MPG2",
        "codec": "",
        "letterboxed": false
      }
    ],
    "audio": [
      {
        "language": "",
        "codec": "AC3",
        "rateHz": 48000,
        "bitrateKbps": null,
        "channels": 2
      }
    ],
    "sourceDetail": {
      "recordingType": "PRO",
      "sourceMediaType": "HD",
      "finalMediaType": "BD",
      "fileFormat": "M2TS"
    }
  },
  "relatedShows": [],
  "childOf": "",
  "images": [
    {
      "folder": "63",
      "filename": "45257057.jpg",
      "externalId": "1J8Oy25_OwBM68PEUrwI0JlE5Lvfs_K5z"
    },
    {
      "folder": "63",
      "filename": "84364301.jpg",
      "externalId": "1jF_pKUqarCb3sj7NkGFdxUgaiHveCUdN"
    },
    {
      "folder": "63",
      "filename": "79617971.jpg",
      "externalId": "1KfMLW_-7OOTzGg9mk3eZjaPDVZgrspzl"
    },
    {
      "folder": "63",
      "filename": "17137731.jpg",
      "externalId": "12_1WU_2c7t2GWr_HAjgNd4_onM6-pYrC"
    }
  ],
  "parentOf": [
    "linkin_park_02_08_2009_source_1_video",
    "heaven_and_hell_01_08_2009_video",
    "the_used_01_08_2009_video",
    "alien_ant_farm_01_08_2009_video",
    "anthrax_01_08_2009_video",
    "bullet_for_my_valentine_01_08_2009_video",
    "metallica_02_08_2009_video",
    "alice_in_chains_02_08_2009_video",
    "machine_head_02_08_2009_video",
    "limp_bizkit_02_08_2009_source_2_video"
  ]
}