{
  "originalTitle": "[VARIOUS ARTISTS] - [2002-2004] - Live Performances",
  "created": 1749977449,
  "lastUpdated": 1749977449,
  "bands": [
    "Darkest Hour",
    "Most Precious Blood"
  ],
  "startDate": {
    "day": "",
    "month": "",
    "year": "2002"
  },
  "startDateUnix": null,
  "endDate": {
    "day": "",
    "month": "",
    "year": "2004"
  },
  "endDateUnix": null,
  "location": {
    "city": "",
    "state": "",
    "country": "",
    "venue": "",
    "event": ""
  },
  "tvChannel": "",
  "showName": "Live Performances",
  "source": "",
  "category": [
    "video",
    "compilation"
  ],
  "master": false,
  "public": true,
  "ownIdentifier": "HDD#O",
  "tradeLabel": "",
  "authoredBy": "",
  "transferredBy": "",
  "notes": "",
  "tapers": [],
  "specs": {
    "media": [
      {
        "type": "DVD-5",
        "size": 4.05,
        "unit": "Gb"
      }
    ],
    "chapters": true,
    "menu": true,
    "length": 5351,
    "video": [
      {
        "tvFormat": "PAL",
        "ratio": "4:3",
        "resolution": "720x576",
        "bitrateType": "VBR",
        "bitrateKbps": null,
        "fps": "",
        "standard": "",
        "codec": "",
        "letterboxed": true
      }
    ],
    "audio": [
      {
        "language": "en",
        "codec": "AC3",
        "rateHz": null,
        "bitrateKbps": null,
        "channels": 2
      }
    ],
    "sourceDetail": {
      "recordingType": "AMT",
      "sourceMediaType": "",
      "finalMediaType": "",
      "fileFormat": "DVD"
    }
  },
  "relatedShows": [],
  "childOf": "",
  "images": [
    {
      "folder": "60",
      "filename": "90280934.jpg",
      "externalId": "1_0P0s4JnJilMQc1gEGJRXVlOBpCYnxb6"
    },
    {
      "folder": "60",
      "filename": "16308600.jpg",
      "externalId": "1VGS-7rI8n_ZTTa7cwVGGwOWQ7YJCf8b1"
    },
    {
      "folder": "60",
      "filename": "32136670.jpg",
      "externalId": "1Fs2CQESBjfzdmp3JI1AZTyMlJ6055P_H"
    },
    {
      "folder": "60",
      "filename": "82209454.jpg",
      "externalId": "16GL-pHyCM2CbsWMf0UwmZTYZlUShXxQB"
    }
  ],
  "parentOf": [
    "darkest_hour_27_01_2002_video",
    "darkest_hour_20_10_2003_source_2_video",
    "most_precious_blood_23_02_2004_video"
  ]
}